0,691.7065,657.61523,0.3926991,0.3926991,0.004197935,0.0059367768
1,691.69305,657.56494,0.4735384,0.35077742,0.62375593,0.41734293
2,691.66815,657.46625,0.4782305,0.34050944,1.2178626,0.7120412
3,691.63306,657.3633,0.4792342,0.3381372,1.6727515,0.9486019
4,691.54694,657.252,0.4795557,0.33646542,2.1520362,1.1342616
5,691.48126,657.0208,0.47973824,0.3353212,2.718579,1.473258
6,691.4062,656.7465,0.4801525,0.333722,3.2613492,1.780493
7,691.3226,656.5266,0.48016343,0.3330535,3.6765432,1.9984444
8,691.1512,656.31445,0.48006317,0.3324611,4.1139297,2.17146
9,691.039,655.917,0.47989058,0.33204162,4.6308722,2.4749336
10,690.9195,655.48114,0.4799726,0.33134845,5.126258,2.7600684
11,690.8007,655.1755,0.47989693,0.33105317,5.4618473,2.9364543
12,690.5434,654.85114,0.47974965,0.33070388,5.9041576,3.1179888
13,690.399,654.3128,0.4795556,0.33049124,6.350781,3.3818872
14,690.23175,653.7174,0.47952744,0.3300968,6.827606,3.6544333
15,690.076,653.3189,0.47943556,0.3299209,7.133658,3.8153358
16,689.7459,652.9358,0.47929564,0.32970986,7.506647,3.9593556
17,689.56665,652.2304,0.4791024,0.3295656,7.944128,4.2208843
18,689.3754,651.5267,0.4790616,0.32932022,8.342026,4.4505606
19,689.17474,651.0129,0.47896448,0.32918143,8.657562,4.616402
20,688.7891,650.55225,0.47884643,0.32902834,8.989899,4.749071
21,688.56854,649.7352,0.47867537,0.32892764,9.382168,4.975836
22,688.34686,648.8907,0.47864494,0.32872453,9.757889,5.1944966
23,688.1289,648.331,0.47857842,0.3286214,10.012216,5.328048
24,687.6695,647.8068,0.47848263,0.32848462,10.322262,5.447751
25,687.43536,646.85,0.4783708,0.32838476,10.685181,5.66368
26,687.189,645.91235,0.4783605,0.32820442,11.014973,5.854257
27,686.9292,645.24207,0.47831836,0.32808962,11.276415,5.9913387
28,686.4121,644.65674,0.47825822,0.32795498,11.558209,6.099899
29,686.1557,643.58826,0.4782134,0.32784453,11.887461,6.2953362
30,685.8867,642.54694,0.47824192,0.32765034,12.186466,6.467981
31,685.60156,641.8078,0.47824225,0.32752314,12.423504,6.591979
32,685.0496,641.1634,0.47822735,0.32738152,12.673477,6.6911564
33,684.75665,640.02234,0.4782536,0.32725713,12.967104,6.859429
34,684.4678,638.8623,0.47833517,0.32702014,13.247696,7.0224705
35,684.1785,638.10913,0.47837985,0.3268882,13.437632,7.1215115
36,683.5616,637.36707,0.47841606,0.3267119,13.688532,7.2236767
37,683.26935,636.15936,0.47852564,0.32656384,13.939644,7.369456
38,682.9448,634.88885,0.47866377,0.3262801,14.206942,7.52192
39,682.63654,634.0824,0.47875452,0.32612514,14.378405,7.610968
40,681.9754,633.34924,0.47883072,0.32594126,14.588367,7.6906343
41,681.66925,632.0048,0.47903737,0.32574582,14.831461,7.833614
42,681.3497,630.70776,0.47922206,0.32543597,15.051735,7.9598703
43,681.0041,629.79974,0.4793744,0.32523417,15.226568,8.050241
44,680.3252,629.02136,0.47950113,0.32503015,15.411766,8.122349
45,680.0061,627.6628,0.47977367,0.32482252,15.615711,8.239804
46,679.6635,626.24286,0.48608878,0.31846416,15.729872,8.288754
47,679.3361,625.3486,0.49053398,0.31545848,15.808412,8.316694
48,678.6197,624.4811,0.49541476,0.31223607,15.926712,8.343057
49,678.3238,623.0646,0.5027842,0.3092718,16.024664,8.386851
50,678.006,621.5875,0.5084115,0.3044227,16.130638,8.433135
51,677.68805,620.6594,0.5123723,0.3022173,16.203455,8.459844
52,676.9854,619.7564,0.51672477,0.29987502,16.309696,8.48628
53,676.70764,618.34796,0.52288306,0.2980693,16.396355,8.524474
54,676.41144,616.8214,0.5279018,0.2944676,16.495256,8.568454
55,676.10175,615.8639,0.5314322,0.2929127,16.56311,8.594073
56,675.3645,615.00635,0.5348675,0.29145443,16.65918,8.615939
57,675.0952,613.4005,0.5414565,0.2900478,16.755787,8.660657
58,674.84076,611.85645,0.5455928,0.28748488,16.842495,8.70112
59,674.53876,610.8718,0.5487199,0.28646532,16.905863,8.725745
60,673.80585,609.9208,0.5505888,0.28407133,16.963152,8.754874
61,673.5823,608.36664,0.5557533,0.28349876,16.970497,8.801141
62,673.34546,606.7486,0.5597149,0.2817847,16.976694,8.851917
63,673.09247,605.7896,0.5622032,0.28126824,16.966951,8.881791
64,672.4309,604.7971,0.5653039,0.28070763,16.908932,8.928179
65,672.26154,603.1981,0.5698921,0.28056854,16.91748,8.975797
66,672.0806,601.53406,0.5734137,0.27948934,16.925089,9.0278845
67,671.8438,600.421,0.5762108,0.27918607,16.915142,9.067256
68,671.2663,599.455,0.5786548,0.27898747,16.864506,9.11214
69,671.1314,597.7831,0.582954,0.27921325,16.870602,9.162872
70,671.01953,596.1077,0.58586425,0.27857202,16.882256,9.212008
71,670.83575,595.0325,0.5880737,0.27852598,16.875051,9.247108
72,670.30927,593.9651,0.590539,0.27853572,16.828796,9.297881
73,670.2369,592.2874,0.59417266,0.27893308,16.83839,9.344855
74,670.1562,590.5426,0.5969658,0.27869612,16.847336,9.396025
75,670.0092,589.4418,0.5989393,0.2788106,16.841444,9.430693
76,669.5294,588.41675,0.6009052,0.2789726,16.796062,9.478525
77,669.5112,586.6314,0.60439485,0.27953234,16.809622,9.527041
78,669.481,584.9227,0.60666186,0.27952453,16.819344,9.572162
79,669.36066,583.72864,0.60866034,0.27977785,16.813877,9.610302
80,668.9522,582.67145,0.6104238,0.28004077,16.777117,9.655849
81,668.94904,580.89685,0.61350054,0.28072295,16.784306,9.7024975
82,668.9631,579.1213,0.6155862,0.2808702,16.79565,9.747072
83,668.87994,577.9774,0.61717767,0.28116786,16.791626,9.779521
84,668.514,576.8236,0.61897045,0.28153852,16.757992,9.827922
85,668.55786,575.05615,0.6215895,0.2822211,16.767208,9.869482
86,668.60034,573.29205,0.6234209,0.28250122,16.776442,9.910551
87,668.54486,572.1301,0.62485725,0.28284484,16.773075,9.941508
88,668.22296,570.9535,0.6264809,0.28326267,16.742662,9.987974
89,668.2901,569.1273,0.62897474,0.28401488,16.749613,10.0299835
90,668.37164,567.30145,0.63066715,0.28437337,16.759989,10.0699215
91,668.341,566.04895,0.6321285,0.28479233,16.756824,10.103014
92,668.0619,564.9251,0.6334334,0.285189,16.729694,10.143407
93,668.16797,563.11316,0.6355646,0.28589603,16.738098,10.180317
94,668.2717,561.2302,0.6372104,0.28635472,16.746174,10.220342
95,668.2661,560.0371,0.63838214,0.28673792,16.743797,10.247895
96,668.0079,558.89923,0.639575,0.2871474,16.716291,10.287561
97,668.15686,556.9901,0.6416426,0.28788927,16.726864,10.324159
98,668.288,555.16345,0.6429929,0.28832763,16.734745,10.358166
99,668.3054,553.882,0.64419293,0.2887625,16.73247,10.387354
100,668.0953,552.72485,0.64527386,0.28916946,16.710144,10.42331
101,668.2485,550.8412,0.64711905,0.2898837,16.716175,10.4577875
102,668.405,548.9576,0.6417752,0.28795922,16.789268,10.541624
103,668.4241,547.73773,0.64249706,0.29112652,16.875654,10.604353
104,668.1484,546.51746,0.6326584,0.28791428,17.130604,10.37313
105,668.20044,544.7128,0.6186583,0.28454313,17.183973,10.221897
106,668.1954,542.8722,0.6074435,0.2837764,17.25422,10.066868
107,668.0684,541.73126,0.5993004,0.2832686,17.346687,9.959867
108,667.5439,540.68536,0.5908932,0.28293568,17.611584,9.8043375
109,667.4345,538.9133,0.5759464,0.2827611,17.67102,9.692018
110,667.2685,537.2485,0.56588393,0.28603035,17.74273,9.595689
111,667.00397,536.1811,0.5578358,0.28784716,17.841959,9.526134
112,666.2613,535.1562,0.5486051,0.29024446,18.101772,9.433271
113,665.9528,533.5294,0.533977,0.2930096,18.196991,9.364809
114,665.6246,531.9307,0.52375406,0.30022752,18.278746,9.309264
115,665.19525,530.87494,0.514774,0.30467606,18.398314,9.272674
116,664.2212,530.01074,0.50672215,0.30884954,18.664429,9.250371
117,663.7791,528.4448,0.49201807,0.31491324,18.75159,9.223778
118,663.28906,526.97705,0.4821974,0.32449946,18.847767,9.208795
119,662.75684,526.0506,0.47437716,0.33004013,18.959427,9.209008
120,661.5749,525.26953,0.46649384,0.33573037,19.225658,9.243217
121,661.0455,523.83673,0.45319685,0.34364766,19.300026,9.246465
122,660.3206,522.39575,0.44175997,0.3559339,19.441666,9.271104
123,659.61816,521.48267,0.43312624,0.36345896,19.573889,9.303289
124,658.22723,520.7847,0.42545232,0.3702162,19.839802,9.387139
125,657.47656,519.4066,0.411355,0.37988237,19.950403,9.425048
126,656.6858,518.1192,0.40278995,0.391737,20.066948,9.469799
127,655.85333,517.27344,0.40201345,0.39242333,20.2044,9.527492
128,654.3118,516.6441,0.40805385,0.3863839,20.453203,9.642289
129,653.4239,515.41064,0.41712928,0.3742056,20.573935,9.702483
130,652.4358,514.16095,0.43070218,0.3650637,20.715063,9.77599
131,651.53723,513.42444,0.43782106,0.35866588,20.840534,9.844068
132,649.7614,512.8795,0.4448407,0.35243872,21.1043,9.995638
133,648.72595,511.67334,0.4545001,0.34125027,21.233274,10.0723505
134,647.6575,510.55087,0.46665525,0.3346428,21.365437,10.152282
135,646.5818,509.83078,0.47437656,0.3287798,21.510784,10.24322
136,644.6774,509.34787,0.4811168,0.32381922,21.757484,10.405784
137,643.4574,508.26047,0.48970938,0.31491977,21.907972,10.504277
138,642.2493,507.19144,0.5019751,0.31010476,22.04727,10.594967
139,641.1298,506.56915,0.5085048,0.30625516,22.178282,10.684036
140,638.9801,506.11905,0.51577497,0.3022002,22.440155,10.872232
141,637.69415,505.122,0.5237604,0.29602194,22.580053,10.967379
142,636.28973,504.11804,0.53562146,0.29288155,22.740461,11.0765505
143,635.0645,503.55084,0.54182404,0.2904553,22.873209,11.171241
144,632.7405,503.17328,0.54872596,0.28801566,23.132833,11.369064
145,631.33057,502.2502,0.556299,0.28414404,23.276917,11.468767
146,629.79626,501.3233,0.56752753,0.28311598,23.44136,11.582391
147,628.46924,500.80948,0.57339525,0.2820782,23.575178,11.6803465
148,625.9978,500.5471,0.5791722,0.28127035,23.828165,11.882785
149,624.44916,499.65063,0.58707637,0.27951533,23.97919,11.985676
150,622.8802,498.82654,0.5969487,0.28038254,24.129051,12.088541
151,621.366,498.3358,0.6032011,0.280603,24.280832,12.200896
152,618.7352,498.14062,0.60864574,0.28101066,24.52989,12.405716
153,617.06934,497.31573,0.6160908,0.28133783,24.683653,12.509284
154,615.4055,496.54175,0.6109864,0.28123522,24.744392,12.593996
155,613.8426,496.06,0.6003839,0.28011754,24.727339,12.621874
156,611.305,495.8308,0.59062177,0.27940872,24.2932,12.252918
157,609.77637,494.96808,0.5796539,0.28198555,24.069616,12.094032
158,608.1929,494.05603,0.56342864,0.28245,23.826408,11.920004
159,606.8743,493.5252,0.5549504,0.28445736,23.63699,11.775444
160,604.5047,493.21738,0.54658633,0.2869246,23.284485,11.491625
161,603.1314,492.20193,0.5352219,0.29369634,23.093697,11.357498
162,601.7967,491.22244,0.5210671,0.29719645,22.9112,11.228417
163,600.5411,490.5821,0.5121252,0.30173433,22.727558,11.092559
164,598.39087,490.18594,0.5043393,0.30606672,22.416235,10.857975
165,597.1766,489.07214,0.49379036,0.3154974,22.25815,10.749194
166,595.99506,487.9996,0.4806697,0.32113087,22.1059,10.645071
167,594.93524,487.33267,0.4733474,0.32634345,21.966377,10.5480385
168,592.97235,486.80112,0.46522382,0.3324208,21.689325,10.358075
169,591.90894,485.6548,0.45642123,0.34245455,21.558971,10.273254
170,590.80615,484.45306,0.443454,0.34997386,21.415794,10.182147
171,589.86035,483.7257,0.4367384,0.35574964,21.29615,10.107038
172,588.0881,483.1752,0.4301478,0.3615875,21.051647,9.959757
173,587.1479,481.89163,0.42125288,0.37274402,20.943256,9.89714
174,586.2304,480.6584,0.41021022,0.38000372,20.837187,9.837917
175,585.3361,479.827,0.40328693,0.38667563,20.720867,9.775331
176,583.7751,479.19794,0.3976252,0.39223713,20.51733,9.6724615
177,582.95715,477.9017,0.40272963,0.39004648,20.426647,9.629326
178,582.1077,476.54675,0.41056952,0.37949654,20.326227,9.584055
179,581.3588,475.71515,0.4161069,0.37420657,20.237425,9.5461235
180,579.943,475.02548,0.4215509,0.36911502,20.056309,9.473855
181,579.19025,473.6416,0.43127838,0.36304334,19.96932,9.443912
182,578.4516,472.1884,0.4385461,0.35375047,19.885946,9.418018
183,577.7894,471.31094,0.4435532,0.34941867,19.809307,9.395284
184,576.47144,470.57285,0.44847706,0.34527212,19.637138,9.346566
185,575.8609,469.08652,0.45741573,0.34006274,19.575962,9.33674
186,575.261,467.66132,0.46322927,0.33332473,19.514269,9.327938
187,574.6417,466.68478,0.46834016,0.32940492,19.439203,9.316403
188,573.48615,465.8866,0.472783,0.3261111,19.295757,9.292917
189,572.96375,464.4121,0.48029447,0.32249978,19.242878,9.293882
190,572.4195,462.8751,0.48608455,0.3167145,19.183481,9.296317
191,571.9074,461.91922,0.49016777,0.314009,19.125698,9.296215
192,570.83405,461.0137,0.4946972,0.3111288,18.990276,9.290568
193,570.4052,459.44254,0.50670236,0.30640957,19.34556,9.560441
194,569.9943,457.82385,0.51470196,0.29944384,19.693264,9.83066
195,569.54333,456.66995,0.52139014,0.296059,19.925272,10.038808
196,568.5976,455.67142,0.5269801,0.29345927,20.053585,10.230391
197,568.2914,453.8008,0.536594,0.29099953,20.42043,10.538406
198,567.9929,451.9674,0.5425797,0.28718218,20.744677,10.8187275
199,567.6326,450.66245,0.5476114,0.28550753,20.960705,11.03462
200,566.8363,449.50928,0.5518377,0.2842495,21.088871,11.237753
201,566.6037,447.5278,0.558613,0.2834359,21.597965,11.477065
202,566.31647,445.44247,0.55272615,0.285318,22.146263,11.72633
203,565.95294,444.12704,0.5479703,0.2866888,22.485739,11.844614
204,564.98175,442.92896,0.5427788,0.2882798,22.958847,11.926046
205,564.6353,440.79965,0.5305435,0.29085922,23.278013,12.037271
206,564.2,438.6881,0.52203923,0.296804,23.622911,12.154041
207,563.71185,437.37384,0.5156596,0.29982412,23.867588,12.217469
208,562.53204,436.19882,0.5095839,0.30298924,24.268381,12.278409
209,562.03235,434.07346,0.49848548,0.30709735,24.590576,12.402255
210,561.48004,432.04883,0.4913226,0.3137635,24.89913,12.51815
211,560.8713,430.74167,0.48570392,0.317417,25.148352,12.5959215
212,559.4958,429.49673,0.47968015,0.32160386,25.563202,12.6916065
213,558.8036,427.4285,0.46978402,0.32614678,25.894772,12.819483
214,558.10785,425.36255,0.46291456,0.3337399,26.205715,12.945059
215,557.3795,424.06198,0.45782074,0.33769527,26.452892,13.03076
216,555.80566,422.8369,0.45237836,0.3421474,26.860308,13.142901
217,554.96765,420.772,0.4434017,0.3470902,27.190018,13.277483
218,554.1318,418.70865,0.43715265,0.35476944,27.499363,13.408342
219,553.28815,417.41397,0.43253195,0.35879692,27.743534,13.499591
220,551.52216,416.20752,0.42761278,0.36328164,28.14269,13.624016
221,550.6003,414.1811,0.4196838,0.36827606,28.441368,13.752598
222,549.63525,412.16473,0.4143237,0.3753364,28.744392,13.884393
223,548.62085,410.7942,0.4097803,0.37974894,29.020348,13.994174
224,546.7342,409.68597,0.40545467,0.38374424,29.370947,14.10976
225,545.62396,407.62546,0.39823595,0.38867867,29.697502,14.253156
226,544.52783,405.56543,0.39573345,0.3933568,29.982798,14.378296
227,543.4773,404.2826,0.39572272,0.39335263,30.095463,14.403686
228,541.36865,403.11377,0.39616194,0.39328203,30.345613,14.470087
229,540.2383,401.09882,0.39572716,0.3933293,30.443806,14.493295
230,539.08234,399.09708,0.3957329,0.39332056,30.553625,14.524924
231,537.8993,397.74738,0.3961699,0.39325625,30.688858,14.568903
232,535.7343,396.68237,0.39573637,0.39330307,30.892166,14.6323185
233,534.4755,394.64713,0.3958051,0.39335987,31.01675,14.676291
234,533.25525,392.61343,0.39574,0.39329082,31.118332,14.7123165
235,532.0076,391.2769,0.3961788,0.39322698,31.249184,14.763178
236,529.7211,390.23438,0.395744,0.39327782,31.444786,14.839211
237,528.3996,388.2131,0.39581147,0.39333573,31.565014,14.889567
238,527.12085,386.19223,0.3957492,0.39326072,31.662838,14.931325
239,525.88965,384.94644,0.39575526,0.39324826,31.764204,14.97612
240,523.4108,383.84628,0.39606404,0.3939716,31.96843,15.07012
241,522.1171,381.86838,0.39586997,0.39400724,31.963316,15.067692
242,520.731,379.82227,0.3962824,0.39417022,31.9819,15.076465
243,519.61145,378.7123,0.39524472,0.39373878,31.934523,15.054105
244,516.958,377.53836,0.39666164,0.3942441,31.99656,15.083392
245,515.65814,375.46994,0.39625037,0.3938658,31.971045,15.071361
246,514.3515,373.5032,0.39588714,0.39398444,31.963139,15.06761
247,513.0194,372.18423,0.39629826,0.39414656,31.981647,15.076347
248,510.6085,371.16168,0.39589,0.39397737,31.963003,15.067546
249,509.3816,369.2159,0.3958647,0.39372918,31.954193,15.063403
250,507.9995,367.21268,0.3963109,0.3941308,31.98155,15.076303
251,506.74683,365.97217,0.39589915,0.3939629,31.962831,15.067467
252,504.2566,364.8702,0.3962147,0.39402255,31.974945,15.073191
253,502.88785,362.86407,0.39594233,0.39423928,31.97313,15.072315
254,501.57748,360.85492,0.39590907,0.3939479,31.962666,15.06739
255,500.32486,359.6148,0.39591375,0.39394432,31.962704,15.067408
256,497.83463,358.5114,0.39622867,0.39400133,31.974714,15.073083
257,496.54102,356.5398,0.39591774,0.39393404,31.962502,15.067313
258,495.2351,354.57727,0.39592376,0.39392906,31.962536,15.067329
259,493.9031,353.2596,0.39633968,0.39408374,31.98096,15.076029
260,491.41928,352.24622,0.39602634,0.3940211,31.968807,15.070292
261,490.04407,350.1519,0.39634672,0.39406973,31.980738,15.075925
262,488.73425,348.1459,0.3959346,0.39390886,31.962234,15.067189
263,487.48172,346.90668,0.39593944,0.39390504,31.962265,15.067204
264,485.07092,345.87827,0.39594194,0.39390102,31.96222,15.0671835
265,483.77722,343.91013,0.3959457,0.3938935,31.962097,15.067127
266,482.49142,341.9738,0.39718318,0.38732377,31.606945,14.906225
267,481.18027,340.6932,0.39946917,0.3844932,31.265232,14.7502
268,478.7211,339.63632,0.40374687,0.38023487,30.95058,14.609745
269,477.40714,337.72803,0.41142216,0.3754632,30.546783,14.432765
270,476.1813,335.85358,0.4167461,0.368198,30.148441,14.267482
271,474.99112,334.70816,0.42117798,0.36420146,29.90833,14.169326
272,472.5807,333.70935,0.4263442,0.3596156,29.646198,14.064496
273,471.33487,331.88168,0.4353197,0.35450473,29.307201,13.931768
274,470.1742,330.08398,0.4415505,0.34660286,28.973064,13.806903
275,469.0292,328.98334,0.4466857,0.34238416,28.774696,13.734286
276,466.67175,328.0262,0.45263985,0.3376118,28.560045,13.657423
277,465.49658,326.25598,0.4628683,0.33255315,28.288025,13.562817
278,464.40414,324.51166,0.46995258,0.32451224,28.020489,13.472404
279,463.30704,323.4404,0.4757243,0.32042214,27.865498,13.421482
280,461.00754,322.50797,0.48236835,0.31589848,27.700222,13.368268
281,459.97507,320.7992,0.4929297,0.3114699,27.499523,13.303651
282,458.88538,319.05685,0.50148517,0.30421785,27.306316,13.2492075
283,457.83932,317.99927,0.5076169,0.30066252,27.189835,13.211378
284,455.5958,317.15234,0.5140076,0.29748672,27.09504,13.186679
285,454.7053,315.4004,0.5252518,0.29381293,26.942778,13.135826
286,453.68896,313.69803,0.5340776,0.288586,26.832926,13.111902
287,452.69604,312.63855,0.5403785,0.28617543,26.761482,13.088622
288,450.52786,311.70297,0.5476008,0.2838821,26.698185,13.071204
289,449.58414,309.9644,0.55941415,0.28279623,26.637428,13.057566
290,448.717,308.2392,0.56737906,0.2793988,26.579906,13.0391865
291,447.78088,307.16278,0.57357687,0.2785546,26.559668,13.033812
292,445.67383,306.27924,0.5797899,0.2780701,26.554153,13.035933
293,444.8879,304.4564,0.59087425,0.27865714,26.546738,13.030519
294,444.09375,302.7331,0.5981372,0.277923,26.561382,13.034445
295,443.16043,301.55646,0.6045867,0.2785441,26.590954,13.045967
296,441.19778,300.61923,0.60994524,0.27917725,26.612946,13.048413
297,440.41873,298.79413,0.61964077,0.28151876,26.679316,13.070766
298,439.71097,296.97537,0.62594765,0.28247657,26.746252,13.084955
299,438.8905,295.82565,0.63068324,0.28380013,26.802353,13.100581
300,436.97485,294.75693,0.63509244,0.28499404,26.655987,12.949389
301,436.36743,292.9007,0.6404932,0.28694674,26.52125,12.831539
302,435.7332,290.98148,0.6448083,0.28853437,26.418213,12.719462
303,435.03223,289.78616,0.6471066,0.2895099,26.285833,12.61333
304,433.33606,288.73727,0.6490344,0.29036912,25.94357,12.381859
305,432.8688,286.76965,0.651866,0.29162654,25.773392,12.2750435
306,432.39487,284.8993,0.65460426,0.29292428,25.610615,12.174406
307,431.7606,283.61273,0.6570463,0.29409343,25.438019,12.068662
308,430.26074,282.52756,0.65868986,0.2949217,25.116592,11.880913
309,429.89694,280.55035,0.66142535,0.2962458,24.961147,11.795224
310,429.52127,278.67313,0.6629681,0.29709622,24.812492,11.715163
311,429.0121,277.45245,0.66400915,0.29764012,24.673813,11.641902
312,427.70065,276.2545,0.66537327,0.29834428,24.405514,11.506806
313,427.36282,274.31955,0.6664564,0.29889297,24.260298,11.438232
314,427.0751,272.39725,0.6666842,0.29906026,24.124844,11.376395
315,426.6404,271.16852,0.6669169,0.29918617,24.005772,11.324758
316,425.475,269.94742,0.66743946,0.2994554,23.770725,11.231321
317,425.23904,268.0468,0.66686386,0.29920042,23.652359,11.186151
318,424.97958,266.0855,0.66666,0.29905692,23.546398,11.152273
319,424.605,264.85132,0.6659289,0.29871246,23.433273,11.113522
320,423.58203,263.69098,0.66556406,0.29857105,23.229614,11.053371
321,423.36646,261.7518,0.6643663,0.2980405,23.139893,11.036664
322,423.18362,259.82895,0.6628575,0.29728338,23.045044,11.014086
323,422.8558,258.59158,0.6618559,0.29684505,22.958853,10.998158
324,421.91333,257.3397,0.66117555,0.2966394,22.780334,10.971588
325,421.76303,255.44002,0.65858024,0.2956143,22.698338,10.96176
326,421.57565,253.48735,0.64958924,0.29218015,22.603588,10.950127
327,421.2706,252.25317,0.6432815,0.2900624,22.563435,10.968794
328,420.37546,251.07845,0.63750666,0.28857893,22.43142,10.982887
329,420.21146,249.10733,0.6248494,0.2851432,22.457264,11.049274
330,420.03198,247.23347,0.6168731,0.2832845,22.476685,11.1105175
331,419.69824,245.91873,0.6087426,0.2820887,22.493254,11.178653
332,418.86288,244.73155,0.6019425,0.2821445,22.42712,11.2389555
333,418.60373,242.80054,0.5890925,0.28156734,22.499119,11.350352
334,418.36496,240.88647,0.58006936,0.2831389,22.577703,11.456444
335,418.0223,239.64633,0.57351094,0.28463027,22.607483,11.532603
336,417.19296,238.45187,0.5676993,0.28754386,22.569319,11.618608
337,416.87466,236.51682,0.55608976,0.29036385,22.662838,11.750949
338,416.56934,234.60178,0.54798955,0.29537424,22.763786,11.877262
339,416.19638,233.35854,0.54219824,0.29900485,22.809532,11.967362
340,415.31558,232.08195,0.53689,0.30530387,22.795656,12.086516
341,414.96542,230.09933,0.52612096,0.31111172,22.920841,12.236082
342,414.59082,228.22176,0.51932734,0.3184757,23.037357,12.37529
343,414.18588,226.97478,0.51439995,0.32395175,23.098682,12.476013
344,413.3246,225.68887,0.51034796,0.3330185,23.119457,12.606762
345,412.91345,223.78087,0.50563306,0.33491743,23.248146,12.756782
346,412.47595,221.9007,0.5054652,0.33632112,23.384167,12.906997
347,412.03946,220.64983,0.5072384,0.33547443,23.461632,13.014145
348,411.16586,219.35738,0.5151057,0.33373562,23.513325,13.150088
349,410.6998,217.44264,0.51783985,0.33168977,23.663223,13.3055525
350,410.17166,215.48148,0.5216777,0.33473253,23.828247,13.470012
351,409.70352,214.22678,0.5276806,0.3352295,23.923573,13.573874
352,408.81998,213.00883,0.54540604,0.3354677,24.006245,13.684782
353,408.2936,211.00688,0.5519655,0.33704412,24.205803,13.851126
354,407.73434,209.12407,0.5595016,0.3427251,24.396976,13.998522
355,407.20007,207.7881,0.57018363,0.3466436,24.55194,14.1093445
356,406.29025,206.5646,0.5947872,0.35299674,24.731487,14.191541
357,405.70206,204.55717,0.60430104,0.35950446,24.988426,14.343662
358,405.042,202.59967,0.6160815,0.36926615,25.238506,14.462012
359,404.50208,201.34315,0.6281281,0.3754288,25.374489,14.485447
360,403.57242,200.11746,0.652139,0.3857008,25.624292,14.470538
361,402.93442,198.15567,0.66398996,0.39268774,25.816977,14.476884
362,402.24146,196.25398,0.6743321,0.3981184,26.08561,14.544004
363,401.6316,194.92876,0.68523866,0.4018893,26.250854,14.504198
364,400.60892,193.71396,0.7016571,0.40870255,26.563255,14.40745
365,399.95898,191.72794,0.7080582,0.41100237,26.728226,14.37049
366,399.24158,189.89386,0.7132512,0.41332582,26.880417,14.323135
367,398.59476,188.58649,0.71839136,0.41520762,27.07608,14.288258
368,397.5081,187.3855,0.72474486,0.41818836,27.409222,14.224205
369,396.83395,185.50002,0.72717017,0.4189623,27.574226,14.196553
370,396.0717,183.70383,0.729088,0.41951138,27.738329,14.172682
371,395.41614,182.4934,0.73051006,0.4199077,27.904757,14.155295
372,394.17606,181.23439,0.73234934,0.42019936,28.27193,14.144067
373,393.41858,179.33363,0.7327316,0.4200952,28.440895,14.130592
374,392.59158,177.54715,0.73297006,0.41967723,28.593197,14.126325
375,391.87903,176.3596,0.73291224,0.41926807,28.748852,14.129623
376,390.532,175.11949,0.7305693,0.41745245,28.87254,14.137586
377,389.78494,173.2856,0.72880673,0.41620597,28.849575,14.120743
378,388.94238,171.5823,0.72705585,0.41473448,28.833546,14.108334
379,388.16956,170.34586,0.72512263,0.41307056,28.85223,14.106487
380,386.85498,169.19563,0.7202668,0.41059214,28.818321,14.09066
381,386.06564,167.35312,0.7179544,0.40872422,28.82209,14.078854
382,385.2025,165.67181,0.71551865,0.40684876,28.78148,14.061074
383,384.41837,164.4643,0.7130718,0.40493917,28.799644,14.057796
384,383.03867,163.33243,0.70712733,0.4020366,28.788805,14.043101
385,382.26953,161.49814,0.70451885,0.39974868,28.755959,14.029339
386,381.39722,159.90733,0.7018151,0.39798117,28.727173,14.0067215
387,380.5963,158.73204,0.6990428,0.39596787,28.744373,14.002124
388,379.18167,157.61943,0.6924498,0.3929301,28.736012,13.986686
389,378.3971,155.83163,0.6895818,0.39054102,28.701782,13.97061
390,377.45102,154.237,0.6867084,0.38847023,28.69907,13.952638
391,376.67905,153.16408,0.683296,0.38672084,28.65924,13.932329
392,375.22217,152.07158,0.6766837,0.3837084,28.683214,13.924715
393,374.45447,150.37129,0.67374015,0.38138664,28.631094,13.904743
394,373.54044,148.9331,0.67096287,0.3796951,28.618,13.881861
395,372.74557,147.89455,0.66782975,0.37797758,28.607424,13.868846
396,371.23215,146.76004,0.6608083,0.37489116,28.619743,13.861764
397,370.36853,145.10202,0.6576176,0.37279904,28.609936,13.838634
398,369.40527,143.68729,0.65435356,0.37091267,28.564594,13.812446
399,368.5826,142.68608,0.6511671,0.369322,28.555271,13.799054
400,367.01453,141.57504,0.6439914,0.36658555,28.571346,13.792246
401,366.1654,140.01479,0.6408825,0.36465213,28.541,13.765743
402,365.1771,138.6961,0.6379434,0.36309463,28.516884,13.74302
403,364.26782,137.67336,0.63485414,0.3615488,28.534521,13.736517
404,362.65097,136.63988,0.6273249,0.35939795,28.54092,13.722449
405,361.7577,135.08641,0.62415963,0.35738277,28.504917,13.699964
406,360.73035,133.84302,0.6211515,0.3561292,28.472153,13.671714
407,359.8434,132.91975,0.61797833,0.35494408,28.464209,13.658297
408,358.15244,131.85254,0.61079603,0.35318133,28.488483,13.6538
409,357.18448,130.37859,0.60782063,0.35143897,28.476984,13.630662
410,356.1044,129.19455,0.60461336,0.3504638,28.432398,13.60228
411,355.18076,128.31152,0.6015225,0.34955072,28.42585,13.58957
412,353.37088,127.25619,0.5944641,0.34838092,28.475414,13.592595
413,352.39917,125.84204,0.5913436,0.3468758,28.431526,13.564332
414,351.28735,124.75305,0.58578444,0.3462151,28.338394,13.521168
415,350.26303,123.858345,0.58179134,0.34563276,28.358273,13.517215
416,348.49075,122.87946,0.5730973,0.3451342,28.381695,13.510955
417,347.4318,121.54078,0.5693936,0.34398365,28.3791,13.495316
418,346.25272,120.514534,0.5658616,0.34408137,28.353687,13.4730625
419,345.24167,119.70995,0.5622032,0.3439396,28.358017,13.46541
420,343.3143,118.68903,0.55393165,0.34441024,28.41468,13.475803
421,342.25424,117.45626,0.5506441,0.34360725,28.393425,13.455218
422,341.02948,116.51508,0.5475728,0.34423408,28.380257,13.439562
423,339.96805,115.74624,0.54414934,0.34451464,28.386715,13.434815
424,337.94678,114.73097,0.5363374,0.34578758,28.44943,13.451642
425,336.83145,113.5636,0.5333283,0.34531906,28.429352,13.434363
426,335.5475,112.69239,0.5305344,0.34651273,28.417763,13.422217
427,334.36148,111.91169,0.5273394,0.34741837,28.443573,13.428255
428,332.31546,110.94294,0.5199238,0.3489955,28.485394,13.44053
429,331.08115,109.800514,0.5171429,0.34900525,28.486206,13.436106
430,329.72165,108.99123,0.5144488,0.3509241,28.466797,13.424008
431,328.4771,108.244026,0.5115592,0.3522787,28.494482,13.434622
432,326.33328,107.269196,0.5046393,0.3544092,28.541443,13.454838
433,325.03488,106.18921,0.5052217,0.35045502,28.543201,13.455488
434,323.61026,105.446,0.5074677,0.3463167,28.525686,13.448063
435,322.38498,104.771065,0.50821495,0.3428994,28.537945,13.4553385
436,320.07977,103.7655,0.50776535,0.33747736,28.617672,13.497789
437,318.76703,102.76264,0.5096232,0.33299804,28.60809,13.497052
438,317.2911,102.08186,0.511673,0.32965413,28.59148,13.494727
439,315.9268,101.39194,0.51316255,0.32633033,28.622074,13.515369
440,313.51797,100.36796,0.51254207,0.3217306,28.69007,13.559971
441,312.13992,99.425934,0.51463634,0.31766978,28.68188,13.564304
442,310.51077,98.76095,0.51753384,0.31456858,28.68325,13.57676
443,309.1692,98.13386,0.5182218,0.3119745,28.68338,13.586616
444,306.65585,97.08671,0.5183085,0.30828494,28.769352,13.647837
445,305.21115,96.20177,0.5206377,0.3046759,28.762411,13.657445
446,303.50967,95.58783,0.52382714,0.3021941,28.764729,13.676128
447,302.1087,94.979645,0.52471095,0.300053,28.766253,13.691148
448,299.47238,93.89523,0.52586776,0.2971971,28.838963,13.750047
449,297.98907,93.0779,0.5284454,0.29502973,28.764294,13.722745
450,296.23495,92.51848,0.5333166,0.29394785,28.709778,13.70445
451,294.8823,91.96943,0.5346945,0.29291433,28.644924,13.678382
452,292.2214,90.8911,0.5381312,0.29187152,28.618597,13.670154
453,290.71387,90.13833,0.54087454,0.289863,28.543715,13.643481
454,288.9316,89.64131,0.5459655,0.28903002,28.489399,13.625815
455,287.48077,89.09332,0.54808563,0.28808188,28.43198,13.604047
456,284.82227,88.02596,0.55071646,0.2873042,28.393822,13.592284
457,283.26794,87.33606,0.5545695,0.28542668,28.328732,13.568093
458,281.5493,86.93354,0.5588138,0.28487432,28.255617,13.542827
459,280.0806,86.417915,0.5614786,0.28419608,28.212967,13.528208
460,277.3816,85.35503,0.56484646,0.2835269,28.174957,13.515225
461,275.74625,84.69296,0.568114,0.28199345,28.101814,13.492235
462,273.98077,84.359375,0.5731202,0.28180844,28.03202,13.467005
463,272.39868,83.84685,0.5766857,0.2814333,27.99915,13.457831
464,269.7739,82.820366,0.57912683,0.2809499,27.942013,13.43704
465,268.1879,82.26412,0.58275443,0.27992886,27.87782,13.415971
466,266.41043,81.97875,0.58781594,0.2801698,27.81595,13.395689
467,264.9042,81.5271,0.5907702,0.28002983,27.774086,13.382094
468,262.165,80.47678,0.5944516,0.28002518,27.737328,13.370218
469,260.47446,79.94586,0.5981357,0.2794107,27.665092,13.349053
470,258.6472,79.73027,0.60367936,0.2801769,27.597208,13.325464
471,257.12112,79.31005,0.6067945,0.2803984,27.556076,13.31249
472,254.36098,78.26511,0.61064744,0.28082994,27.520266,13.301258
473,252.71947,77.83868,0.6143833,0.2808369,27.447254,13.2786
474,250.88013,77.6653,0.61998504,0.28213733,27.387684,13.260105
475,249.23616,77.2517,0.6240504,0.282999,27.357298,13.252877
476,246.48456,76.19464,0.62532514,0.28300977,27.301186,13.23566
477,244.79437,75.84373,0.6277235,0.28342208,27.272705,13.225079
478,242.83882,75.69489,0.63066924,0.28430307,27.246475,13.219168
479,241.2843,75.32902,0.6319414,0.28459236,27.213924,13.207235
480,238.49736,74.28415,0.6339614,0.28517452,27.20076,13.20329
481,236.82257,73.97098,0.63579655,0.2855982,27.162064,13.191752
482,234.85278,73.86879,0.6390167,0.28672904,27.145058,13.188778
483,233.29012,73.526474,0.64032537,0.2871328,27.112923,13.177079
484,230.49524,72.47841,0.6423702,0.28785026,27.10006,13.173287
485,228.8092,72.21948,0.6442607,0.28847682,27.061844,13.162062
486,226.92476,72.18391,0.6470205,0.28956982,27.034798,13.154062
487,225.25507,71.84576,0.6491539,0.29043335,27.026491,13.153809
488,222.48122,70.76947,0.65057415,0.2910169,26.999023,13.145671
489,220.75594,70.591194,0.65310603,0.29210746,26.971905,13.135861
490,218.85834,70.60123,0.65569186,0.29326808,26.936798,13.125556
491,217.18059,70.288956,0.65785325,0.29427963,26.928738,13.125436
492,214.47124,69.253174,0.65924984,0.294963,26.897484,13.114187
493,212.68535,69.06762,0.6616104,0.29621366,26.871674,13.109066
494,210.75377,69.14433,0.66454136,0.29767486,26.840477,13.09794
495,209.16853,68.874794,0.66624874,0.29859862,26.822388,13.092806
496,206.35338,67.81903,0.6683822,0.29976866,26.810356,13.089424
497,204.63606,67.72963,0.6704666,0.3011045,26.773691,13.0791235
498,202.61308,67.81571,0.67385274,0.30296782,26.75845,13.07699
499,201.02104,67.57155,0.6753359,0.30391547,26.728146,13.066252
500,198.30128,66.52943,0.67708945,0.30501923,26.710335,13.061221
501,196.49577,66.461105,0.6795797,0.3068246,26.685415,13.056591
502,194.53969,66.63177,0.68262196,0.3086611,26.65554,13.046057
503,192.84053,66.40011,0.6848851,0.31016976,26.648277,13.046304
504,190.11751,65.35677,0.68628246,0.3112477,26.609299,13.028258
505,188.38994,65.379135,0.686022,0.31034184,26.49006,12.997887
506,186.40808,65.51264,0.66966516,0.30112615,26.10416,12.896728
507,184.86754,65.271385,0.6615565,0.29661408,25.908703,12.847142
508,182.19263,64.19496,0.6523569,0.29196984,25.6943,12.795224
509,180.5379,64.0825,0.6427398,0.287767,25.433533,12.741652
510,178.77412,64.187744,0.6275845,0.28221795,25.156576,12.679773
511,177.31758,63.89769,0.6192878,0.27990195,24.986515,12.645788
512,174.67223,62.702423,0.609875,0.2778848,24.799618,12.61021
513,173.18376,62.601223,0.5992822,0.27752817,24.557816,12.567799
514,171.47572,62.59969,0.58358645,0.27582985,24.311554,12.527643
515,170.09782,62.26199,0.57505774,0.27625528,24.16002,12.501383
516,167.62369,61.024826,0.5665491,0.2772822,24.015491,12.479839
517,166.16481,60.819374,0.5554777,0.2820536,23.797691,12.453236
518,164.64734,60.801243,0.5397616,0.28411442,23.587536,12.422029
519,163.26079,60.395508,0.53009826,0.2879498,23.445322,12.407784
520,160.79547,59.04772,0.5223296,0.2903801,23.246029,12.387217
521,159.48836,58.85203,0.51189286,0.29641613,22.88795,12.357595
522,158.08345,58.748554,0.5032093,0.2999365,22.5131,12.323816
523,156.7597,58.28787,0.4972882,0.30411047,22.236483,12.3109
524,154.36063,56.882675,0.4918758,0.30808258,21.993755,12.300211
525,153.12778,56.602894,0.48376933,0.31702116,21.60003,12.291711
526,151.8079,56.418663,0.474131,0.32252944,21.260963,12.283732
527,150.54149,55.90149,0.46750167,0.32861713,21.011896,12.289548
528,148.27461,54.50548,0.4613985,0.33429244,20.790504,12.29057
529,147.11415,54.122566,0.45453343,0.34216377,20.434364,12.311159
530,145.869,53.868427,0.44522,0.34590757,20.096188,12.325765
531,144.65047,53.307182,0.4393892,0.34935924,19.835882,12.350401
532,142.37175,51.830997,0.43402374,0.35254914,19.607477,12.371397
533,141.25291,51.40894,0.42694938,0.3585256,19.223652,12.418072
534,140.00746,51.06026,0.41551986,0.36419868,18.896744,12.456764
535,138.90303,50.501667,0.40945098,0.3681257,18.685736,12.483246
536,136.68257,49.023438,0.40330014,0.37234852,18.485052,12.518403
537,135.80818,48.700253,0.3975655,0.37652606,18.175426,12.562
538,134.36807,48.118637,0.3959694,0.37998834,17.736097,12.664866
539,133.23228,47.500824,0.39393342,0.3828622,17.47661,12.695167
540,131.12946,46.09365,0.39526948,0.38261417,17.260208,12.73387
541,130.02803,45.51456,0.40340424,0.3809292,17.014442,12.793524
542,128.97038,45.137836,0.4108021,0.37556338,16.570623,12.576254
543,127.96842,44.579044,0.41805366,0.37221166,16.273794,12.37666
544,125.979164,43.264713,0.42544723,0.36904854,15.801231,11.935558
545,125.06756,42.792576,0.4402856,0.3638425,15.48495,11.755431
546,124.13516,42.445705,0.44812146,0.35926434,15.125838,11.585261
547,123.19421,41.92384,0.45630345,0.35600933,14.832946,11.377781
548,121.42626,40.801567,0.46459484,0.3530031,14.400732,10.975853
549,120.632866,40.36717,0.47804663,0.34938252,14.148977,10.804653
550,119.8157,40.062706,0.4856894,0.3452397,13.835055,10.652499
551,118.988335,39.610764,0.4934899,0.34262416,13.581455,10.46293
552,117.46589,38.681576,0.5005116,0.34054735,13.227975,10.11658
553,116.77949,38.296394,0.51285845,0.3380739,13.020152,9.957889
554,116.02358,38.010857,0.52080023,0.3342221,12.720889,9.803072
555,115.34136,37.647785,0.5270736,0.3324545,12.527551,9.651161
556,113.954834,36.846306,0.53351474,0.33094218,12.199579,9.314766
557,113.33603,36.49052,0.5455785,0.3292549,12.010637,9.152375
558,112.7201,36.274837,0.5519878,0.3260269,11.765659,9.039183
559,112.12909,35.971195,0.5573904,0.32475618,11.600518,8.904013
560,110.91791,35.322216,0.56362957,0.3235877,11.306453,8.604839
561,110.42965,35.033367,0.57236713,0.3227917,11.174635,8.478667
562,109.90088,34.84993,0.5776997,0.32043517,10.970055,8.381266
563,109.39271,34.6004,0.58211374,0.31960917,10.829281,8.263552
564,108.337654,34.083183,0.58730954,0.31898728,10.571191,7.999011
565,107.93878,33.836765,0.5930497,0.31831664,10.431416,7.8438945
566,107.464516,33.6736,0.5966177,0.31610236,10.19619,7.6991
567,107.011086,33.458565,0.599257,0.31506374,10.019982,7.535925
568,106.13116,33.0633,0.6009138,0.31404558,9.736996,7.2322845
569,105.79722,32.83636,0.60437113,0.3134894,9.613821,7.0903625
570,105.42637,32.713047,0.6065109,0.3114684,9.420521,6.9983206
571,105.07138,32.546394,0.607713,0.31063855,9.285173,6.8824425
572,104.31786,32.235012,0.60818595,0.3097628,9.031989,6.6288295
573,104.068565,32.034718,0.60946304,0.30912438,8.933126,6.526701
574,103.76511,31.926712,0.61044747,0.3074359,8.762257,6.4651747
575,103.47582,31.786566,0.61059177,0.30674538,8.643558,6.37922
576,102.82099,31.53198,0.6098685,0.30603823,8.400602,6.1684175
577,102.51115,31.388712,0.4756318,0.2795805,6.344799,5.627338
578,102.1427,31.326784,0.4466056,0.26096755,6.208195,5.51128
579,101.7786,31.23942,0.42701027,0.26351985,6.11537,5.379744
580,101.07537,31.054403,0.3958962,0.2773582,5.9184074,5.099408
581,100.73524,30.967365,0.37257636,0.31241605,5.897854,5.004517
582,100.35859,30.883043,0.43562257,0.32767314,5.80908,4.826431
583,100.040276,30.79908,0.4887837,0.32162395,5.765221,4.704871
584,99.41227,30.624306,0.53645265,0.32156956,5.6371326,4.4557943
585,99.07316,30.523064,0.580369,0.336972,5.659049,4.3519464
586,98.83187,30.461323,0.6604559,0.38402942,5.6794786,4.2218614
587,98.53808,30.373737,0.6899467,0.4081218,5.678565,4.098444
588,97.98838,30.206528,0.69833136,0.4245925,5.6048675,3.9028764
589,97.6637,30.097864,0.7112117,0.4432516,5.65649,3.8172293
590,97.494965,30.043524,0.7442544,0.48090988,5.7345586,3.6985476
591,97.24438,29.95852,0.7478037,0.4966099,5.7639413,3.6062484
592,96.74886,29.78911,0.7314568,0.508783,5.728819,3.4673498
593,96.460846,29.684656,0.7255141,0.5216079,5.7997475,3.42281
594,96.368645,29.643263,0.7316726,0.5459877,5.9135857,3.342044
595,96.173805,29.568743,0.7221427,0.5573288,5.9594316,3.2963283
596,95.71302,29.390066,0.6864567,0.5729852,5.956697,3.2173307
597,95.49011,29.306393,0.6732898,0.5871246,6.0547667,3.2122874
598,95.47181,29.283657,0.6647499,0.6080222,6.189288,3.183386
599,95.31321,29.214787,0.6448013,0.6238511,6.2641215,3.1728275
600,94.90678,29.034033,0.64859587,0.5973527,6.312465,3.1574087
601,94.73321,28.972307,0.6646612,0.5797142,6.418839,3.176534
602,94.80619,28.980276,0.6856652,0.5676775,6.582854,3.198538
603,94.70649,28.93064,0.70060563,0.5507056,6.671045,3.2184184
604,94.36987,28.756601,0.726728,0.5145284,6.789276,3.2527697
605,94.24258,28.719759,0.7414377,0.50312984,6.8897166,3.2833927
606,94.41102,28.766138,0.76309067,0.49763563,7.094636,3.3571327
607,94.368355,28.737125,0.7773035,0.49086446,7.2042937,3.4022188
608,94.09131,28.564205,0.8009457,0.4797126,7.369238,3.4746919
609,94.04111,28.569248,0.8147206,0.48084247,7.4746675,3.5264075
610,94.32067,28.669485,0.8325856,0.4867263,7.6793613,3.6394582
611,94.34118,28.66658,0.8450999,0.4904615,7.7971954,3.7100291
612,94.1641,28.517586,0.86583656,0.4999411,7.998248,3.8288603
613,94.17301,28.553879,0.8774789,0.5075143,8.084454,3.908339
614,94.57253,28.7164,0.8952454,0.51938,8.312565,4.081293
615,94.66522,28.74403,0.90628487,0.5281554,8.435019,4.1860614
616,94.59113,28.616217,0.92399526,0.5461054,8.658184,4.3609424
617,94.68215,28.691137,0.93423396,0.5558887,8.727914,4.488197
618,95.20874,28.923943,0.95042944,0.56866187,8.954884,4.7111316
619,95.38058,28.983746,0.960161,0.57836545,9.075243,4.8527884
620,95.41134,28.876041,0.9664143,0.57346296,9.293781,5.0644073
621,95.56522,28.976301,0.95764,0.5335023,9.365664,5.250462
622,96.21836,29.290192,0.9625614,0.51999986,9.598168,5.496224
623,96.47134,29.386206,0.960635,0.50345427,9.75299,5.6828203
624,96.60653,29.30064,0.9614412,0.49752697,10.000156,5.9250336
625,96.809044,29.424711,0.9432735,0.46813023,10.121848,6.123108
626,97.567406,29.809013,0.94318056,0.4648589,10.382756,6.367953
627,97.86913,29.925407,0.9367149,0.4667262,10.554498,6.5287313
628,98.11323,29.84777,0.93279904,0.4811764,10.857671,6.7793193
629,98.39899,30.010963,0.90854174,0.514526,11.069493,6.935525
630,99.22866,30.439558,0.90545636,0.54083896,11.3629875,7.1427073
631,99.620476,30.583143,0.89693683,0.57556736,11.612817,7.2940125
632,99.98997,30.523376,0.89226407,0.6114498,11.907942,7.472847
633,100.32184,30.678986,0.86847013,0.69970644,12.23609,7.504119
634,101.239746,31.155321,0.8707102,0.7374618,12.563292,7.6329303
635,101.66515,31.299503,0.8840327,0.7544649,12.817547,7.691874
636,102.17212,31.275394,0.8991597,0.7755578,13.174651,7.8010345
637,102.50765,31.361567,0.9246819,0.7984075,13.607283,7.802738
638,103.5012,31.87003,0.9505556,0.8037551,13.781237,7.776051
639,103.950584,31.990454,0.971107,0.80592996,13.976427,7.766558
640,104.50516,31.924154,0.9877313,0.813885,14.244709,7.8147445
641,104.85065,31.954111,1.0209302,0.81308717,14.622528,7.7779384
642,105.78382,32.39069,1.037831,0.8203166,14.837825,7.796064
643,106.26471,32.47044,1.0523512,0.8249116,15.090127,7.828193
644,106.87879,32.368927,1.0626367,0.83308524,15.390749,7.921594
645,107.208565,32.305687,1.0836308,0.83532864,15.796833,7.955452
646,108.11074,32.6899,1.095978,0.8437766,16.028667,8.010203
647,108.595276,32.726402,1.1059202,0.8493263,16.287804,8.076586
648,109.25378,32.608856,1.1130072,0.85719746,16.579857,8.188522
649,109.556984,32.46562,1.1264124,0.86062646,16.96347,8.277271
650,110.457275,32.813683,1.137235,0.8704787,17.231817,8.369789
651,110.9177,32.82663,1.1438884,0.875744,17.457884,8.450731
652,111.64523,32.70057,1.1491331,0.88372254,17.748095,8.583074
653,111.95639,32.53981,1.1601714,0.8881456,18.13415,8.714459
654,112.82507,32.879646,1.1694387,0.8984682,18.39844,8.824129
655,113.28965,32.89978,1.1749417,0.90382874,18.611694,8.915845
656,114.07084,32.809975,1.1793462,0.91137975,18.881487,9.050231
657,114.3924,32.691505,1.1823403,0.9109971,19.099857,9.132883
658,115.257385,33.08206,1.1801019,0.9099946,19.145605,9.157886
659,115.77326,33.160896,1.1794448,0.91167,19.216936,9.193482
660,116.68223,33.174625,1.1766878,0.9186504,19.2845,9.22999
661,117.06791,33.148476,1.1787624,0.9205092,19.444954,9.319104
662,118.03207,33.638454,1.1762009,0.9207262,19.462149,9.346257
663,118.6124,33.792786,1.1778064,0.9226226,19.46283,9.355321
664,119.62266,33.88838,1.1772681,0.9302537,19.45403,9.359164
665,120.094635,34.033745,1.1838931,0.93107593,19.448584,9.366599
666,121.11969,34.569496,1.1810187,0.92989624,19.348143,9.347545
667,121.81771,34.808037,1.1808301,0.93190783,19.28586,9.333046
668,122.9484,34.97967,1.1785998,0.93947905,19.227198,9.317835
669,123.524864,35.258865,1.1822886,0.940826,19.121267,9.277078
670,124.63973,35.829655,1.1788076,0.94218594,19.006487,9.245866
671,125.41745,36.12014,1.1873069,0.9338899,18.919266,9.215029
672,126.63076,36.343185,1.196601,0.9270104,18.844856,9.189908
673,127.28582,36.697124,1.207244,0.91907877,18.702402,9.126725
674,128.52892,37.291843,1.2181457,0.90336365,18.571917,9.086654
675,129.32741,37.590454,1.2251656,0.89647794,18.483786,9.054165
676,130.67055,37.833015,1.2335777,0.89091104,18.406015,9.0301
677,131.4335,38.261723,1.243529,0.8831016,18.231134,8.958031
678,132.69566,38.820232,1.2526692,0.8700788,18.115284,8.925072
679,133.60841,39.142307,1.2598515,0.86341393,18.015026,8.892767
680,135.00954,39.391075,1.2672783,0.858818,17.939001,8.875462
681,135.85945,39.82098,1.2761171,0.8530814,17.764984,8.815121
682,137.20844,40.359833,1.285039,0.84102786,17.654932,8.790178
683,138.1202,40.653812,1.2909399,0.8360596,17.570122,8.769665
684,139.65973,40.911232,1.2985939,0.8317999,17.490187,8.761168
685,140.54869,41.330097,1.3065473,0.8268884,17.330359,8.719623
686,141.98338,41.830082,1.3155321,0.81677645,17.223722,8.703527
687,142.94305,42.10549,1.3211911,0.8126807,17.145994,8.69294
688,144.55858,42.345623,1.3284588,0.8093838,17.075287,8.697351
689,145.50902,42.74188,1.3363215,0.8053182,16.927063,8.673548
690,146.97998,43.199055,1.3370522,0.80407745,16.832552,8.691725
691,147.95589,43.45966,1.3268126,0.8082908,16.683754,8.696756
692,149.5262,43.6823,1.3151301,0.8114062,16.5768,8.7463875
693,150.49123,44.069653,1.2957934,0.81730336,16.280233,8.755368
694,151.84859,44.51384,1.2812561,0.8290267,16.11379,8.779792
695,152.78925,44.77337,1.2693207,0.83487344,15.986649,8.812982
696,154.39488,45.031834,1.2542845,0.8406722,15.883202,8.894486
697,155.278,45.40252,1.231897,0.84902924,15.639836,8.945794
698,156.59476,45.85315,1.2136303,0.8635257,15.493784,8.998129
699,157.50002,46.118973,1.1992577,0.87117887,15.389645,9.049746
700,159.06564,46.39766,1.1832308,0.87802637,15.326462,9.146374
701,159.9193,46.780582,1.1531276,0.8907414,15.109129,9.226606
702,161.11009,47.22667,1.1336099,0.9068771,15.008073,9.283474
703,162.03658,47.525867,1.1136832,0.91788733,14.917732,9.35098
704,163.5434,47.855667,1.0943991,0.9271821,14.872448,9.446967
705,164.37422,48.237553,1.0563979,0.9435408,14.711505,9.540925
706,165.51796,48.718163,1.0327281,0.963407,14.641434,9.599016
707,166.4124,49.044785,1.0178608,0.96742797,14.581284,9.665243
708,167.90338,49.44178,1.0061864,0.96799374,14.560545,9.755664
709,168.69481,49.844658,1.0205523,0.9289093,14.456474,9.84023
710,169.77846,50.36074,1.0314807,0.91461843,14.420799,9.891415
711,170.59459,50.702583,1.0451759,0.89148253,14.396353,9.941125
712,172.12213,51.199417,1.0604469,0.8651652,14.358538,9.973181
713,172.8231,51.633698,1.0728186,0.8476191,14.611214,9.858319
714,173.85896,52.215755,1.0890859,0.8357498,14.674463,9.701344
715,174.61177,52.609776,1.0968503,0.8275173,14.761648,9.603304
716,176.03972,53.181908,1.1032237,0.8186258,14.799883,9.448971
717,176.62659,53.699986,1.1129024,0.8073595,15.037495,9.325348
718,177.51086,54.313198,1.125738,0.80002654,15.129153,9.246359
719,178.22694,54.78485,1.1328949,0.7939126,15.231211,9.162737
720,179.51756,55.42099,1.1380465,0.7877849,15.279768,9.044372
721,179.99254,55.985703,1.1449289,0.780856,15.500501,8.970639
722,180.8164,56.67981,1.1568975,0.7752372,15.607411,8.910228
723,181.41779,57.168015,1.1622516,0.771437,15.698948,8.861845
724,182.65527,57.878155,1.1663251,0.76677483,15.745157,8.768048
725,183.02399,58.525074,1.1727891,0.76163536,15.980977,8.742626
726,183.75078,59.27022,1.1832932,0.7577428,16.08909,8.71186
727,184.28198,59.800766,1.1878563,0.75503343,16.180521,8.689715
728,185.39302,60.551834,1.1912678,0.75167733,16.23359,8.6331625
729,185.69145,61.2676,1.1959952,0.74793917,16.459944,8.651791
730,186.30812,62.03878,1.2053055,0.74554825,16.556187,8.649583
731,186.8028,62.646416,1.2097083,0.74338067,16.658226,8.6526165
732,187.82954,63.44514,1.2124416,0.7409588,16.712051,8.626404
733,188.03572,64.234856,1.2164202,0.73822904,16.93353,8.691002
734,188.55011,65.019455,1.2242163,0.736932,17.017935,8.709549
735,188.98157,65.671074,1.2279719,0.73544735,17.117836,8.737912
736,189.93066,66.5131,1.230117,0.73379105,17.171629,8.738919
737,190.05396,67.38324,1.233481,0.7317893,17.387407,8.842967
738,190.51808,68.24964,1.2406138,0.73107326,17.477913,8.884001
739,190.8695,68.90605,1.2434274,0.7302425,17.563763,8.928747
740,191.76495,69.831795,1.245387,0.7291605,17.627972,8.960116
741,191.79724,70.76259,1.2483183,0.72783154,17.826538,9.090347
742,192.20868,71.70871,1.2543865,0.7275842,17.92282,9.155895
743,192.50838,72.41139,1.2567317,0.72714794,18.005444,9.217107
744,193.36989,73.33664,1.2659892,0.7276849,17.96188,9.203318
745,193.34901,74.37099,1.2588643,0.72620475,17.94838,9.370036
746,193.7405,75.247536,1.2416009,0.72549874,17.68427,9.476325
747,194.07233,75.9736,1.232427,0.72613955,17.569817,9.582937
748,194.94038,76.826935,1.2263807,0.7289351,17.311087,9.555151
749,194.97412,77.87106,1.2176973,0.7299432,17.130596,9.579877
750,195.41937,78.65518,1.1908983,0.7339618,16.781551,9.635039
751,195.79126,79.33242,1.176628,0.7384476,16.602726,9.676551
752,196.71272,80.11935,1.1653066,0.74675864,16.391754,9.672999
753,196.8007,81.15645,1.1454288,0.75350773,16.349897,9.68025
754,197.30989,81.80903,1.099598,0.76945513,16.066282,9.45304
755,197.7321,82.398605,1.0831946,0.77489126,15.913685,9.322647
756,198.80713,83.17017,1.0814406,0.76631236,15.806702,9.117362
757,198.98486,84.14575,1.0722595,0.7614618,15.61883,8.831041
758,199.64624,84.802765,1.059831,0.7520505,15.634872,8.634843
759,200.12605,85.36416,1.0521518,0.7491449,15.57308,8.491745
760,201.18803,86.074005,1.0394639,0.74793273,15.473266,8.331147
761,201.4433,87.00807,1.031584,0.74550134,15.30516,8.097107
762,202.15385,87.58699,1.0220181,0.7404133,15.335195,7.9655585
763,202.67036,88.119484,1.0150284,0.7388471,15.28121,7.854031
764,203.73781,88.82237,1.0023571,0.73844284,15.189958,7.7163377
765,204.05434,89.68361,0.99557424,0.7369757,15.039103,7.5452523
766,204.86609,90.248276,0.98623085,0.7334336,15.064803,7.448943
767,205.44725,90.77829,0.97880906,0.7321891,15.010786,7.3604317
768,206.50896,91.42434,0.96642256,0.7325439,14.932045,7.269219
769,206.88042,92.250565,0.9600404,0.7304334,14.791713,7.141912
770,207.71875,92.73735,0.95227426,0.72769016,14.823999,7.102747
771,208.2888,93.20328,0.94597226,0.72653943,14.78124,7.0555363
772,209.34853,93.83531,0.9333821,0.7265861,14.709522,6.9943595
773,209.75502,94.58454,0.9276603,0.72392094,14.582817,6.919308
774,210.68146,95.055016,0.91957444,0.7210438,14.610479,6.9175396
775,211.27039,95.4876,0.91347176,0.71956843,14.57309,6.8992267
776,212.31749,96.08534,0.90078646,0.71937394,14.511391,6.872478
777,212.75804,96.77704,0.8955405,0.715545,14.397408,6.839748
778,213.69417,97.180595,0.8886092,0.71259135,14.431078,6.8754163
779,214.33553,97.60678,0.881897,0.7104245,14.3960495,6.88235
780,215.32808,98.14924,0.86986595,0.71016866,14.349373,6.883282
781,215.81126,98.81102,0.8644088,0.705,14.238865,6.882389
782,216.81172,99.1786,0.8576396,0.7015587,14.283455,6.949963
783,217.4264,99.5521,0.8518236,0.6992134,14.260213,6.9751997
784,218.43567,100.092384,0.83889216,0.6984915,14.2231045,7.000436
785,218.94084,100.701775,0.83380395,0.6923051,14.132286,7.0277195
786,219.98018,101.04009,0.8272323,0.68863416,14.180939,7.1138325
787,220.60292,101.38951,0.82213205,0.68529063,14.167151,7.1524835
788,221.56836,101.89734,0.81692934,0.6757247,14.145359,7.188003
789,222.09691,102.450966,0.8157341,0.6650862,14.083848,7.239659
790,223.144,102.76901,0.8112237,0.6593286,14.130663,7.330014
791,223.81091,103.12018,0.80835843,0.65214247,14.1264105,7.3824787
792,224.72827,103.60519,0.80360126,0.64301,14.120079,7.42775
793,225.25117,104.11104,0.80267674,0.63266116,14.077989,7.482309
794,226.36617,104.434746,0.7981413,0.6260982,14.130791,7.583112
795,226.99599,104.75237,0.7956992,0.6199333,14.136301,7.633119
796,227.8977,105.24167,0.7906806,0.6110933,14.143143,7.6833344
797,228.45319,105.72805,0.78968424,0.60088307,14.119047,7.7481275
798,229.59395,106.04413,0.7853003,0.59477264,14.176952,7.8490105
799,230.22334,106.35392,0.7828498,0.5891684,14.190115,7.8999662
800,231.11397,106.85257,0.7777863,0.5809701,14.210531,7.9593277
801,231.65178,107.30831,0.7766509,0.572219,14.198116,8.018076
802,232.77618,107.60468,0.7726678,0.56744826,14.256727,8.109839
803,233.39732,107.92223,0.7680214,0.5683633,14.455233,8.1131315
804,234.23064,108.45197,0.76168776,0.56789154,14.589848,8.029104
805,234.71709,108.993675,0.75698155,0.57112247,14.873165,7.937081
806,235.81062,109.351906,0.7526986,0.57222843,14.933075,7.832943
807,236.36133,109.72589,0.7490959,0.5733169,15.045481,7.7867045
808,237.0649,110.31073,0.750731,0.56369203,15.171418,7.753268
809,237.47685,110.93745,0.7531751,0.55800194,15.442579,7.7284517
810,238.46051,111.35302,0.7540396,0.5523081,15.509867,7.6739144
811,238.97267,111.80705,0.75589675,0.54594266,15.636848,7.664529
812,239.56578,112.443054,0.7595906,0.53473496,15.764764,7.669505
813,239.86385,113.17798,0.7617476,0.5291114,16.037952,7.7204022
814,240.79828,113.63808,0.7486256,0.52594876,16.04658,7.667364
815,241.22755,114.09239,0.73189735,0.53518444,15.993156,7.6228385
816,241.81026,114.758255,0.7100213,0.5536867,15.847349,7.565434
817,242.07414,115.49585,0.6929919,0.5650195,15.949242,7.633206
818,242.96468,115.884895,0.66018695,0.5810667,15.860983,7.613919
819,243.41692,116.34034,0.64003855,0.5956501,15.848964,7.655136
820,244.00276,116.94154,0.624708,0.6127747,15.753319,7.6926103
821,244.26161,117.71723,0.634804,0.59833294,15.903261,7.8669176
822,245.13849,118.03907,0.65278125,0.5684788,15.889332,7.933207
823,245.58679,118.47333,0.66883445,0.5504469,15.921936,8.037921
824,246.16728,119.02997,0.67314476,0.5382465,15.968183,8.13889
825,246.36446,119.8784,0.6631358,0.5408598,16.216093,8.364699
826,247.21996,120.19411,0.66147596,0.5331665,16.286545,8.4540415
827,247.612,120.676704,0.65992475,0.5258548,16.40517,8.571479
828,248.08717,121.30493,0.6570898,0.515598,16.516975,8.665769
829,248.22046,122.24085,0.6553347,0.50972813,16.40566,8.556144
830,249.01628,122.582275,0.6530015,0.5027023,16.313515,8.488206
831,249.34435,123.054245,0.649656,0.4981116,16.256588,8.43178
832,249.76245,123.72989,0.6427309,0.49105644,16.218922,8.370267
833,249.88116,124.62923,0.63774973,0.48738033,16.118889,8.270846
834,250.60432,124.97801,0.6349228,0.48121777,16.042356,8.210917
835,250.92448,125.48314,0.6282949,0.4840988,16.092102,8.185253
836,251.26595,126.145424,0.62993956,0.47276685,16.166857,8.167592
837,251.38733,127.0615,0.6276948,0.46533915,15.913255,7.88936
838,252.18288,127.37377,0.6280963,0.459855,15.811905,7.736534
839,252.53053,127.831375,0.6266095,0.45341125,15.624938,7.5602345
840,252.86324,128.44777,0.6273957,0.44152218,15.500081,7.4362316
841,253.06331,129.19629,0.6179862,0.43764105,15.076418,7.18417
842,253.92516,129.43419,0.61495686,0.43483698,14.996956,7.163948
843,254.2832,129.79337,0.6103506,0.43164262,14.85787,7.125181
844,254.62971,130.37373,0.60659534,0.4234318,14.746408,7.1213007
845,254.8958,130.95909,0.5883406,0.42475256,14.380886,7.0914392
846,255.81126,131.14015,0.5899386,0.418741,14.511045,7.1963058
847,256.18494,131.45627,0.5917731,0.41073996,14.582242,7.253872
848,256.49326,132.02338,0.59118015,0.3989604,14.608988,7.2593317
849,256.77213,132.52588,0.5864865,0.38989714,14.574469,7.2463055
850,257.6179,132.73906,0.5798905,0.38326088,14.531675,7.213303
851,257.949,133.05316,0.57654876,0.37666863,14.5238905,7.2086277
852,258.14868,133.63074,0.57550687,0.3659866,14.570491,7.2347937
853,258.4089,134.14253,0.56879675,0.35514963,14.544712,7.2315817
854,259.22458,134.34126,0.56013817,0.3485914,14.51067,7.211167
855,259.51428,134.64464,0.5443832,0.3445668,14.54748,7.241751
856,259.63406,135.2232,0.5311126,0.33682746,14.647564,7.3126183
857,259.86456,135.68828,0.5106159,0.32728317,14.688379,7.355235
858,260.6389,135.78668,0.4826841,0.32415316,14.57888,7.2960906
859,260.94128,136.04437,0.4678361,0.31704262,14.443775,7.226839
860,261.0923,136.51393,0.45460024,0.3116862,14.197999,7.106929
861,261.32562,136.89354,0.4316133,0.30941394,14.073011,7.064432
862,262.16324,136.85193,0.4134473,0.2986754,14.028072,7.082889
863,262.47906,137.0077,0.40032014,0.29571316,13.944363,7.0734916
864,262.66003,137.39676,0.39141044,0.27753812,14.123547,7.171306
865,262.90417,137.6732,0.37108862,0.270115,14.237368,7.2417912
866,263.7056,137.56955,0.3549463,0.25625652,14.428833,7.3758554
867,263.98203,137.69221,0.3459408,0.24927963,14.479044,7.387058
868,264.04288,138.07878,0.33980665,0.23504664,14.604286,7.432752
869,264.2786,138.30206,0.3184323,0.2311084,14.670151,7.4481087
870,265.01306,138.17596,0.30570313,0.22202896,14.726611,7.4585137
871,265.2368,138.28757,0.2958943,0.2161738,14.79253,7.4808187
872,265.1918,138.68433,0.2894999,0.20551577,14.892584,7.5105367
873,265.37906,138.87514,0.274846,0.19613744,14.93288,7.4987645
874,266.01392,138.74374,0.2660573,0.18759297,14.908667,7.455606
875,266.18143,138.86322,0.2601603,0.17720482,14.948468,7.459305
876,266.0394,139.26132,0.2570481,0.16362424,15.056597,7.5124197
877,266.1251,139.4577,0.24780445,0.15093671,15.136068,7.5315833
878,266.69003,139.3182,0.23673433,0.14396152,15.1212,7.511659
879,266.78674,139.43599,0.22980398,0.136328,15.1758175,7.5365334
880,266.53134,139.85023,0.22560997,0.1256846,15.298818,7.6169853
881,266.56003,140.01576,0.21557863,0.12031042,15.398852,7.6568294
882,267.02362,139.8796,0.20258927,0.114422,15.400108,7.6648097
883,267.05444,139.98135,0.19189148,0.10938272,15.557238,7.748877
884,266.69922,140.3985,0.1834232,0.100611515,15.790119,7.893707
885,266.68826,140.5146,0.17210937,0.09696706,16.004936,7.989812
886,267.09973,140.32948,0.1549126,0.084682874,16.22763,8.102556
887,267.10532,140.38808,0.1478367,0.0777765,16.170801,8.010492
888,266.73642,140.73369,0.13780554,0.07422474,15.96974,7.8154416
889,266.75748,140.7359,0.13389255,0.06914346,15.956645,7.7477007
890,267.1903,140.43895,0.118397444,0.06055079,15.977638,7.7327633
891,267.2243,140.40749,0.11159409,0.060328435,15.9429035,7.693518
892,266.90317,140.61838,0.10119259,0.067430876,15.784032,7.595638
893,266.98526,140.4858,0.10127143,0.070569016,15.805975,7.593101
894,267.12277,140.38976,0.80306673,0.7707355,10.737385,7.3825045
895,266.8765,140.56949,0.80892223,0.777979,10.581116,7.355367
896,266.2742,140.96771,0.82408446,0.78241324,10.324828,7.240267
897,266.11188,141.00143,0.84594566,0.7804171,10.11616,7.1866307
898,265.94205,141.11102,0.85859656,0.78175426,9.863458,7.1927333
899,265.71225,141.20903,0.87163013,0.78342515,9.682084,7.155588
900,265.12613,141.48824,0.8952913,0.7868698,9.397092,7.0570774
901,264.9756,141.42262,0.9157583,0.79036605,9.204211,7.0154543
902,264.75647,141.45566,0.93620485,0.78983474,8.93936,7.0528817
903,264.52017,141.47897,0.9551191,0.78939813,8.77337,7.042315
904,263.927,141.6402,0.994302,0.78393364,8.535337,6.9984384
905,263.78677,141.46523,0.79586864,0.5707118,8.507706,6.8596954
906,263.5178,141.4144,0.79846483,0.5504896,8.599156,6.6681576
907,263.26562,141.3614,0.80085874,0.5326514,8.61829,6.5588093
908,262.66757,141.40787,0.8099089,0.49889073,8.622682,6.439714
909,262.51352,141.1181,0.8086472,0.4793144,8.634274,6.3184547
910,262.1969,140.99011,0.811146,0.46379286,8.780882,6.1681504
911,261.9211,140.86063,0.813603,0.44941172,8.8415165,6.090262
912,261.27686,140.77217,0.8232662,0.42272234,8.935562,6.02138
913,261.1259,140.37923,0.8206852,0.41451153,9.000788,5.94565
914,260.72314,140.15765,0.82289743,0.40661857,9.196804,5.845309
915,260.41684,139.94788,0.8246656,0.40202335,9.302597,5.8100863
916,259.75568,139.74133,0.83286834,0.39520222,9.466679,5.820339
917,259.5738,139.22505,0.8287801,0.40291142,9.589495,5.8035817
918,259.1064,138.93384,0.8295946,0.40795124,9.825337,5.763031
919,258.76703,138.64511,0.8301526,0.4150947,9.971466,5.7759967
920,258.04953,138.28282,0.83621716,0.42732707,10.224773,5.8653617
921,257.84253,137.65712,0.8301689,0.45070845,10.404021,5.914053
922,257.29514,137.28456,0.82964396,0.4646668,10.670392,5.934932
923,256.9211,136.91629,0.82888466,0.4797023,10.850607,5.9950943
924,256.1691,136.41205,0.83245116,0.5019887,11.161266,6.1595287
925,255.9439,135.71136,0.8251346,0.5318323,11.37504,6.2511415
926,255.3086,135.23535,0.8233337,0.55192107,11.676613,6.3351183
927,254.90117,134.79109,0.82157344,0.5700477,11.882459,6.4320083
928,254.12465,134.16954,0.82388186,0.5931669,12.219742,6.652121
929,253.86201,133.3615,0.8152344,0.6277569,12.485792,6.7814636
930,253.18329,132.84209,0.81300014,0.6462424,12.770863,6.8857265
931,252.7454,132.32924,0.7978173,0.748965,12.880352,6.9551387
932,251.91618,131.57777,0.7910506,0.7686072,13.288591,7.2275825
933,251.57556,130.71315,0.7877746,0.7782979,13.642285,7.4179482
934,250.80475,130.13623,0.8003575,0.78099006,13.953987,7.547883
935,250.32677,129.56969,0.81717664,0.7790229,14.204024,7.6900315
936,249.49284,128.6875,0.8379099,0.77927494,14.6087055,7.9721694
937,249.14272,127.78501,0.86656564,0.77361226,14.9438305,8.151655
938,248.33763,127.152054,0.8813546,0.77210206,15.24029,8.290947
939,247.80591,126.49074,0.8974982,0.77051604,15.523317,8.458213
940,246.97453,125.52343,0.9134052,0.77126276,15.908714,8.741434
941,246.58264,124.55149,0.93934107,0.76671106,16.266132,8.93197
942,245.7337,123.867966,0.9518694,0.7656593,16.549011,9.074835
943,245.18256,123.1584,0.9655513,0.76455986,16.826065,9.244357
944,244.37675,122.13378,0.97926927,0.7655702,17.033943,9.359212
945,243.97475,121.118484,1.0020865,0.76281595,17.29907,9.474675
946,243.08702,120.40585,1.013291,0.7625461,17.455795,9.510532
947,242.5453,119.678734,1.0254984,0.7622171,17.62582,9.588565
948,241.78993,118.62736,1.0378042,0.7637113,17.76718,9.651731
949,241.39337,117.61454,1.0578593,0.7618565,18.03071,9.786946
950,240.50243,116.88913,1.0678107,0.76191705,18.17491,9.835078
951,240.00659,116.20164,1.077489,0.76195467,18.308529,9.902151
952,239.26796,115.09612,1.0896703,0.76352453,18.476524,9.995795
953,238.8872,114.14223,1.1065671,0.7623214,18.701826,10.122292
954,237.99254,113.37145,1.1165692,0.76245016,18.872665,10.210519
955,237.51274,112.68959,1.1254283,0.7627439,18.983328,10.2706
956,236.85136,111.63424,1.1354061,0.76432025,19.125694,10.35925
957,236.4776,110.67339,1.1519154,0.763458,19.3584,10.507986
958,235.54564,109.950584,1.1602255,0.7638415,19.743235,10.504311
959,235.03255,109.28782,1.1663654,0.76229006,19.939354,10.516603
960,234.32512,108.2747,1.1715877,0.76014125,20.128332,10.5287285
961,233.87122,107.37486,1.1845071,0.7579507,20.414783,10.613635
962,232.78471,106.66219,1.1901596,0.7568845,20.739275,10.611332
963,232.19328,106.0322,1.1956041,0.7558604,20.919847,10.635876
964,231.35573,105.04615,1.2008532,0.75432384,21.1061,10.656314
965,230.8322,104.20111,1.201546,0.7536369,21.264154,10.673133
966,229.61888,103.48209,1.1997201,0.7552404,21.31715,10.538311
967,228.98811,102.86562,1.1971096,0.7565173,21.32496,10.473063
968,228.15492,101.919464,1.1953222,0.7592123,21.24263,10.3551
969,227.66035,101.094444,1.1876823,0.7612692,21.199024,10.269732
970,226.37273,100.30623,1.1836874,0.7632968,21.319519,10.236733
971,225.73564,99.678856,1.1772283,0.7655917,21.282393,10.173481
972,224.95839,98.76827,1.1718744,0.7697002,21.155807,10.075678
973,224.44615,97.88968,1.154784,0.77427214,21.048878,9.98164
974,223.08665,97.04964,1.1459147,0.7779933,21.137306,9.993575
975,222.43916,96.40103,1.137749,0.78155434,21.109728,9.973605
976,221.67839,95.49161,1.1306759,0.7872576,21.002176,9.930558
977,221.1698,94.57139,1.1105901,0.7943326,20.92717,9.900451
978,219.78119,93.71804,1.1014888,0.79892576,21.0331,9.978933
979,219.12001,93.04555,1.0922261,0.80375695,21.024576,10.000347
980,218.37529,92.13185,1.0840914,0.8109213,20.87096,9.960587
981,217.88197,91.17732,1.0766777,0.80165154,20.72317,9.906991
982,216.45882,90.24942,1.0763371,0.7944038,20.604805,9.866821
983,215.83472,89.568184,1.0759857,0.7883478,20.490406,9.824143
984,215.11528,88.632256,1.0786798,0.7811505,20.335098,9.785645
985,214.7076,87.69278,1.0746998,0.77170974,20.208172,9.73811
986,213.3705,86.79287,1.0742495,0.7671668,20.12754,9.716037
987,212.74287,86.06604,1.0737334,0.7624897,20.055853,9.704288
988,212.11536,85.181885,1.0761869,0.7582793,19.909954,9.665556
989,211.74628,84.24201,1.0723555,0.7524229,19.83546,9.64791
990,210.41252,83.29204,1.0718577,0.7494907,19.781015,9.64636
991,209.85419,82.611786,1.0714285,0.74727464,19.708376,9.626311
992,209.27026,81.72952,1.074087,0.7451569,19.592339,9.611586
993,208.88606,80.77248,1.0569464,0.74324375,19.681448,9.634761
994,207.59802,79.86813,1.0461556,0.74381846,19.691658,9.612712
995,206.9834,79.161,1.0343148,0.7445706,19.736526,9.613745
996,206.30782,78.29808,1.0134405,0.7464846,19.831062,9.611693
997,205.86598,77.394104,1.0033184,0.74712515,19.829384,9.60014
998,204.49031,76.4664,0.9927549,0.7481806,19.866009,9.600549
999,203.86015,75.824974,0.98365855,0.74916166,19.884745,9.592354
1000,203.0382,74.95911,0.96550107,0.75163007,20.015902,9.631548
1001,202.57109,74.113144,0.95560855,0.75257814,20.001568,9.617537
1002,201.14217,73.22537,0.94745606,0.75367486,20.039322,9.63018
1003,200.49837,72.64036,0.94035584,0.75466603,20.061352,9.634591
1004,199.56816,71.79898,0.924464,0.7573775,20.212854,9.704333
1005,199.03963,71.02353,0.91662246,0.7581906,20.198679,9.704282
1006,197.56128,70.12714,0.9084789,0.75946647,20.260166,9.742093
1007,196.82343,69.52794,0.9014396,0.7605937,20.287136,9.758274
1008,195.7845,68.7103,0.8874369,0.76334345,20.431257,9.840383
1009,195.19466,67.97878,0.8803877,0.764072,20.421192,9.855466
1010,193.66249,67.09547,0.873127,0.7652999,20.485363,9.905534
1011,192.87062,66.515114,0.866834,0.7663735,20.514536,9.933123
1012,191.78058,65.75693,0.85512453,0.7689036,20.640675,10.019365
1013,191.12239,65.04682,0.8479132,0.7696264,20.654278,10.063246
1014,189.54588,64.19298,0.8420939,0.77062833,20.699219,10.108467
1015,188.70233,63.630035,0.8363762,0.77161044,20.74458,10.155571
1016,187.503,62.887794,0.8258455,0.77398676,20.746157,10.176143
1017,186.77068,62.2136,0.82059914,0.7737506,20.668427,10.168944
1018,185.14827,61.358418,0.8160462,0.77332073,20.634657,10.170046
1019,184.27332,60.820805,0.8120926,0.77291757,20.56964,10.148401
1020,182.9834,60.096947,0.8029625,0.77391464,20.538843,10.15165
1021,182.23552,59.47544,0.7990563,0.7716212,20.460543,10.144594
1022,180.59529,58.652885,0.7950774,0.77120984,20.414389,10.1352415
1023,179.62996,58.106968,0.7905751,0.7707385,20.401936,10.150787
1024,178.34312,57.454983,0.78795505,0.7657535,20.34388,10.133533
1025,177.56056,56.869274,0.79436654,0.7399489,20.433205,10.143438
1026,175.89458,56.05636,0.7964813,0.72760195,20.462852,10.138797
1027,174.9641,55.559063,0.79850554,0.7155884,20.505993,10.142348
1028,173.67969,54.936443,0.8032618,0.7070427,20.24189,9.954551
1029,172.92354,54.38148,0.8111708,0.6883769,20.213013,9.892149
1030,171.29492,53.580772,0.8150471,0.6807343,20.152561,9.8383045
1031,170.41484,53.10406,0.8188302,0.6735657,20.09508,9.788805
1032,169.21915,52.507366,0.8232152,0.66782606,19.941013,9.694152
1033,168.4906,51.999504,0.8352038,0.64200574,19.54716,9.601909
1034,166.88795,51.223003,0.8413432,0.6308828,19.322594,9.542566
1035,166.02632,50.774727,0.84760624,0.62020326,19.102974,9.487891
1036,164.8275,50.181065,0.85654837,0.6086878,18.786716,9.4027405
1037,164.08118,49.72601,0.8715737,0.58554655,18.422997,9.338356
1038,162.49251,48.98412,0.87987095,0.57540625,18.225817,9.30055
1039,161.64265,48.564278,0.8899937,0.5697348,18.035034,9.266744
1040,160.48958,48.00056,0.9039689,0.5641277,17.763752,9.214109
1041,159.72993,47.5984,0.92119294,0.5562647,17.480152,9.182772
1042,158.17471,46.927944,0.93848944,0.5523928,17.32122,9.16642
1043,157.26396,46.518185,0.9526389,0.55140895,17.162256,9.162626
1044,156.1957,46.011433,0.9662955,0.55489177,16.934242,9.110777
1045,155.4023,45.644035,0.9873767,0.5618339,16.71178,9.109632
1046,153.78297,45.027233,1.0057012,0.56789786,16.597782,9.11106
1047,152.87193,44.65789,1.020322,0.5780786,16.485176,9.121893
1048,151.83946,44.1851,1.034589,0.5921135,16.309593,9.087106
1049,151.03362,43.860992,1.0562444,0.6183472,16.15942,9.094931
1050,149.38629,43.332645,1.0702835,0.62164974,16.226683,9.150927
1051,148.44365,43.001892,1.0801111,0.6281031,16.312616,9.218302
1052,147.33058,42.53631,1.0862634,0.6281493,16.45445,9.283168
1053,146.47467,42.240444,1.0713383,0.5896444,16.357777,9.089339
1054,144.84483,41.806175,1.0664006,0.5711828,16.239048,8.896935
1055,143.972,41.52594,1.0596077,0.5545684,16.252214,8.832882
1056,142.82234,41.045,1.0505968,0.53370863,16.373055,8.828064
1057,141.9798,40.780487,1.0360898,0.5116984,16.350204,8.775699
1058,140.4564,40.418835,1.0321907,0.5021102,16.254232,8.6590805
1059,139.54283,40.13385,1.0255827,0.49355194,16.267876,8.63071
1060,138.35394,39.626343,1.0179721,0.48419952,16.387644,8.680114
1061,137.53893,39.374836,1.007419,0.48156062,16.441277,8.653943
1062,136.0848,39.05506,1.0096931,0.48565114,16.228933,8.469791
1063,135.22185,38.78782,1.0095757,0.49060786,16.098671,8.339071
1064,134.15419,38.318947,1.0114623,0.4974896,15.924223,8.181231
1065,133.48549,38.118763,1.0086179,0.505708,15.868446,8.073862
1066,132.12375,37.8478,1.0145969,0.5119829,15.684002,7.9127636
1067,131.40918,37.637238,1.0170926,0.5173368,15.595011,7.822015
1068,130.45549,37.199375,1.017639,0.5195968,15.603387,7.8027735
1069,129.82213,37.040638,1.0153638,0.52373886,15.696854,7.8172927
1070,128.64821,36.83518,1.0203868,0.5247937,15.672358,7.800201
1071,127.79702,36.585617,1.0220479,0.5263939,15.752712,7.8486915
1072,126.766365,36.113823,1.0220566,0.5265857,15.895159,7.96059
1073,126.16317,35.97039,1.0234035,0.5291719,15.968907,8.006264
1074,124.897575,35.727364,1.0317858,0.5311578,15.959742,8.038306
1075,124.19291,35.516212,1.0350758,0.5321522,16.000017,8.091578
1076,123.14654,35.008137,1.0368696,0.5328416,16.128378,8.23203
1077,122.539795,34.894867,1.0450143,0.5338703,15.991999,8.143434
1078,121.382996,34.67454,1.0584962,0.5362208,15.812227,8.045068
1079,120.733795,34.48738,1.0666076,0.5371583,15.679657,7.964375
1080,119.83323,34.046467,1.0768803,0.5384252,15.469724,7.816934
1081,119.32388,34.00076,1.0872508,0.53848565,15.293268,7.737619
1082,118.28595,33.818848,1.1029233,0.5412013,15.119827,7.6545386
1083,117.69512,33.66768,1.1135467,0.54254377,14.964915,7.576256
1084,116.96717,33.319008,1.1249584,0.54442394,14.771261,7.4583583
1085,116.54208,33.309525,1.1318117,0.5435473,14.708213,7.5159745
1086,115.56821,33.144035,1.1500279,0.547598,14.656626,7.5518174
1087,115.07352,33.02211,1.1524473,0.54704016,14.600615,7.590261
1088,114.41086,32.69334,1.1569856,0.5473193,14.593637,7.6953187
1089,114.05494,32.711582,1.1561099,0.5501108,14.299884,7.7549863
1090,113.16974,32.542698,1.1543236,0.55505145,14.014878,7.8278384
1091,112.72998,32.42432,1.1525353,0.5601788,13.811849,7.917408
1092,112.19534,32.120697,1.1522564,0.56707585,13.6821785,8.090911
1093,111.81884,32.106293,1.1436671,0.5833302,13.268927,8.274903
1094,111.030464,31.934458,1.1416788,0.5947786,13.065197,8.391814
1095,110.61071,31.805424,1.1367091,0.6109965,12.8874035,8.540918
1096,110.19238,31.553719,1.1323632,0.6301247,12.79566,8.741758
1097,109.85241,31.505436,1.1237012,0.65773195,12.597065,8.9216385
1098,109.12787,31.338036,1.1296268,0.6621468,12.529744,9.003707
1099,108.80438,31.240059,1.1327009,0.6672658,12.445873,9.032735
1100,108.526855,31.075933,1.1376706,0.67470884,12.359898,9.073959
1101,108.26821,31.06069,1.1367946,0.6899896,12.226278,9.140344
1102,107.668846,30.933956,1.1428808,0.70180935,12.125319,9.175834
1103,107.44099,30.884325,1.1442118,0.71404487,12.059558,9.212952
1104,107.36786,30.846138,1.1467987,0.72891194,12.008717,9.26427
1105,107.134514,30.842865,1.1565404,0.81017846,11.916556,9.425434
1106,106.65429,30.747047,1.2349235,0.8608203,12.0240345,9.581591
1107,106.46997,30.712801,1.3155612,0.89382,12.103433,9.612152
1108,106.47518,30.72875,1.422514,0.86924064,12.1927395,9.627161
1109,106.24206,30.68638,1.5882777,0.8567334,12.39814,9.538547
1110,105.77136,30.557722,1.6530734,0.8613796,12.565427,9.49277
1111,105.60892,30.516378,1.6967964,0.8648901,12.710318,9.445348
1112,105.65005,30.561792,1.7122078,0.8316664,12.871212,9.409395
1113,105.40688,30.484156,1.7321507,0.7855896,13.167544,9.287146
1114,104.99371,30.343088,1.7431446,0.77287,13.335915,9.232077
1115,104.86436,30.309406,1.7481185,0.76400185,13.44832,9.099205
1116,105.02364,30.439674,1.7492999,0.761318,13.5222225,8.951614
1117,104.880806,30.399279,1.7550278,0.75003666,13.784067,8.80072
1118,104.58724,30.289196,1.7593197,0.75171506,13.887024,8.6851845
1119,104.56851,30.30927,1.7609133,0.7519913,13.967407,8.555367
1120,104.877174,30.541996,1.7667336,0.7479418,14.019749,8.372694
1121,104.76231,30.498575,1.772231,0.7426793,14.242465,8.248776
1122,104.55991,30.392262,1.7787281,0.74415314,14.390096,8.162642
1123,104.576744,30.41346,1.7822847,0.7438493,14.483469,8.08169
1124,104.942116,30.67289,1.7864857,0.74361575,14.515186,7.9228845
1125,104.86686,30.636637,1.7903126,0.7425164,14.714818,7.832986
1126,104.733025,30.506485,1.7955087,0.7468268,14.843405,7.7872806
1127,104.79424,30.53196,1.7982193,0.74830174,14.915966,7.7297454
1128,105.239815,30.829247,1.8010231,0.74981046,14.894543,7.596274
1129,105.17743,30.782145,1.8039417,0.7514701,15.051139,7.5565033
1130,105.14596,30.651073,1.8079882,0.7567735,15.142464,7.5336432
1131,105.25965,30.68538,1.8099695,0.75942767,15.173563,7.494282
1132,105.75419,30.987516,1.8119831,0.762798,15.110085,7.38746
1133,105.78156,30.999224,1.8130293,0.7674179,15.129101,7.349953
1134,105.84858,30.846893,1.8157997,0.7754149,15.163151,7.346052
1135,106.02106,30.890913,1.816223,0.78106624,15.122507,7.3138027
1136,106.281136,30.980648,1.6842065,1.2411019,10.272639,7.413579
1137,106.05778,30.797066,1.6797919,1.2534944,10.310055,7.4466515
1138,105.95933,30.423706,1.6727978,1.273362,10.41137,7.5473647
1139,105.90405,30.266335,1.6692013,1.2835957,10.39687,7.557503
1140,105.971375,30.180561,1.6648198,1.296063,10.646796,7.4023714
1141,105.87907,30.076506,1.6631627,1.3009722,10.726542,7.341919
1142,105.97982,29.77265,1.6592315,1.3125441,10.915291,7.3808985
1143,106.07247,29.677065,1.6572275,1.3185005,11.05868,7.3611093
1144,106.33935,29.705101,1.6555104,1.3236206,11.314322,7.2919054
1145,106.38891,29.672356,1.6536846,1.329093,11.379856,7.285613
1146,106.68548,29.426636,1.6505252,1.3385653,11.55875,7.369157
1147,106.912285,29.389582,1.6488892,1.3434972,11.689956,7.391655
1148,107.359436,29.492989,1.6473507,1.34815,11.923716,7.391121
1149,107.538025,29.536003,1.6461211,1.3518955,11.982426,7.420553
1150,108.035835,29.347002,1.6436621,1.3593928,12.13735,7.549835
1151,108.36212,29.359068,1.6418465,1.3649673,12.166993,7.5397477
1152,108.93424,29.525537,1.640111,1.370335,12.264811,7.52176
1153,109.22074,29.616796,1.6387123,1.3748047,12.247166,7.5201693
1154,109.886345,29.494473,1.6352433,1.3856708,12.29232,7.5379634
1155,110.30835,29.548248,1.6338819,1.3900676,12.323456,7.5456815
1156,110.9977,29.765371,1.6326199,1.3942064,12.414188,7.551638
1157,111.39448,29.911707,1.6321483,1.3962563,12.4086895,7.568113
1158,112.19993,29.845652,1.6293274,1.4012448,12.455778,7.6025553
1159,112.70691,29.93763,1.6284925,1.3970636,12.488768,7.621066
1160,113.53382,30.205336,1.6276709,1.3921493,12.57773,7.6444016
1161,114.00867,30.371836,1.6280955,1.384852,12.580843,7.6705413
1162,114.962555,30.391922,1.6244816,1.3816539,12.607711,7.7175617
1163,115.54572,30.518944,1.6228725,1.3801028,12.621244,7.7454886
1164,116.45872,30.819809,1.6213018,1.3778164,12.595652,7.774571
1165,117.00181,31.005667,1.6206497,1.3739011,12.534594,7.8076477
1166,118.06298,31.08927,1.6184139,1.3681113,12.5275135,7.8518925
1167,118.69709,31.238781,1.6179432,1.3639383,12.511462,7.8754377
1168,119.65691,31.554417,1.6176599,1.3586267,12.493757,7.9009786
1169,120.25468,31.754166,1.619182,1.3491944,12.463264,7.9273276
1170,121.40803,31.900858,1.6182305,1.340597,12.469996,7.9659514
1171,122.04804,32.062553,1.6187296,1.3346382,12.467131,7.9824147
1172,123.01931,32.388622,1.6194426,1.3275847,12.457752,7.999196
1173,123.70779,32.61346,1.6230454,1.3122113,12.45969,8.017337
1174,124.92985,32.809025,1.6226562,1.3025392,12.482052,8.0493
1175,125.64773,32.99933,1.6238583,1.2943788,12.492445,8.062206
1176,126.64793,33.33209,1.6251287,1.286085,12.490786,8.073388
1177,127.3724,33.556767,1.629272,1.2697132,12.528673,8.081163
1178,128.63782,33.804985,1.6293291,1.2598618,12.5621395,8.106628
1179,129.43892,34.023304,1.6308594,1.2504816,12.588232,8.117006
1180,130.44608,34.35067,1.6321964,1.242279,12.595497,8.12549
1181,131.19794,34.584335,1.6363748,1.226922,12.659641,8.125722
1182,132.56702,34.882557,1.6361332,1.2175729,12.70572,8.152737
1183,133.35237,35.099113,1.6372839,1.2100567,12.738687,8.161679
1184,134.42696,35.43781,1.6385072,1.2018199,12.754641,8.173093
1185,135.20584,35.66308,1.641724,1.189315,12.836929,8.176157
1186,136.6544,36.007637,1.6414546,1.1804395,12.893623,8.206381
1187,137.46895,36.23098,1.6422563,1.1740588,12.932568,8.219129
1188,138.52013,36.555794,1.642991,1.167893,12.941016,8.2358
1189,139.37558,36.78499,1.645559,1.1567954,13.043694,8.248666
1190,140.82213,37.151604,1.646865,1.1521157,13.146784,8.316416
1191,141.7034,37.400623,1.6495758,1.1486531,13.2466955,8.372203
1192,142.73596,37.725727,1.6518564,1.1458448,13.325977,8.422482
1193,143.59224,37.957584,1.6555904,1.1396471,13.477213,8.470067
1194,145.12642,38.37416,1.658347,1.13842,13.608305,8.572707
1195,145.98158,38.61897,1.660234,1.1364322,13.694556,8.62049
1196,147.0829,38.962616,1.6622692,1.1343805,13.783081,8.67567
1197,147.96443,39.190826,1.6650242,1.1304176,13.92448,8.724868
1198,149.55904,39.650482,1.6674246,1.1296458,14.053673,8.820701
1199,150.43945,39.905083,1.6689386,1.1283886,14.135675,8.866847
1200,151.51453,40.24039,1.6703955,1.1272407,14.208437,8.914511
1201,152.47781,40.48086,1.6727668,1.1243614,14.354122,8.970485
1202,154.06581,40.957764,1.674626,1.1242611,14.463684,9.053593
1203,155.017,41.242306,1.6689707,1.1387321,14.665392,9.118049
1204,156.07478,41.57972,1.6645427,1.1507924,14.76343,9.092135
1205,156.96556,41.839485,1.655156,1.1746261,14.810861,9.059907
1206,158.5481,42.364166,1.6520028,1.1870638,14.761206,8.962226
1207,159.39043,42.649765,1.6482425,1.1984988,14.7648115,8.92508
1208,160.43542,43.01949,1.6441426,1.2112842,14.768618,8.886627
1209,161.22923,43.31803,1.6365477,1.2327387,14.836409,8.870119
1210,162.74553,43.87232,1.6335646,1.245878,14.809816,8.790291
1211,163.53209,44.179142,1.630422,1.2566423,14.826593,8.764456
1212,164.47484,44.550323,1.6273907,1.267256,14.843702,8.741467
1213,165.21938,44.916798,1.6205344,1.2885067,14.933327,8.742334
1214,166.6596,45.49447,1.6182667,1.300753,14.920376,8.680947
1215,167.39127,45.825214,1.6156855,1.310698,14.947031,8.667705
1216,168.27356,46.215885,1.5860993,1.3279138,14.979612,8.655532
1217,168.92055,46.65087,1.556612,1.3542107,15.093634,8.676702
1218,170.22673,47.239166,1.5318599,1.3716102,15.102707,8.629672
1219,170.87941,47.612755,1.512282,1.3822443,15.157902,8.622181
1220,171.65251,48.097412,1.4961759,1.3739188,15.262514,8.604114
1221,172.13893,48.624413,1.4886804,1.3789958,15.423415,8.642188
1222,173.3698,49.276833,1.5029131,1.3599262,15.460779,8.5999775
1223,173.92741,49.710545,1.5141605,1.3427855,15.545628,8.59771
1224,174.52373,50.264935,1.5317806,1.3080432,15.699697,8.579768
1225,174.92326,50.91046,1.5448779,1.2972016,15.874335,8.630009
1226,176.01,51.603287,1.5570151,1.2839776,15.9385605,8.604919
1227,176.5064,52.1347,1.5677582,1.2709888,16.05574,8.612337
1228,176.96411,52.780643,1.5816079,1.2487893,16.234474,8.606684
1229,177.21321,53.545795,1.5930176,1.2417265,16.435558,8.674806
1230,178.2336,54.30965,1.6038011,1.2330259,16.508394,8.662297
1231,178.61797,54.88103,1.6118245,1.2257867,16.62223,8.680078
1232,178.9699,55.67184,1.6241856,1.2103271,16.833193,8.693379
1233,179.12671,56.54302,1.6332248,1.2077912,17.01884,8.770823
1234,180.03465,57.397354,1.6433225,1.2016935,17.117327,8.781294
1235,180.33948,58.04625,1.6501559,1.1973794,17.234829,8.810894
1236,180.54541,58.928143,1.6599737,1.1871353,17.448532,8.839586
1237,180.60785,59.99978,1.6688045,1.1868433,17.654778,8.9400215
1238,181.44029,60.890274,1.6772103,1.1834041,17.734604,8.960183
1239,181.67152,61.620182,1.6832052,1.1808934,17.850916,9.000239
1240,181.78246,62.659855,1.693647,1.1720614,18.06782,9.052611
1241,181.75545,63.805084,1.7047509,1.1670564,18.229977,9.138332
1242,182.48482,64.7977,1.7129089,1.1644657,18.257484,9.11997
1243,182.64497,65.55743,1.7187544,1.1615806,18.304762,9.117617
1244,182.71513,66.67375,1.7083334,1.1753196,18.105919,8.990437
1245,182.71593,67.8476,1.7017264,1.1781397,17.836292,8.790659
1246,183.476,68.81042,1.700851,1.1796556,17.63156,8.662397
1247,183.70673,69.582306,1.6984057,1.1816005,17.480541,8.561977
1248,183.87343,70.65746,1.6929091,1.1892635,17.302402,8.44945
1249,183.96654,71.777756,1.6889595,1.1887432,17.053802,8.275714
1250,184.77013,72.68525,1.6880714,1.1907816,16.864384,8.160959
1251,185.05281,73.417435,1.6856571,1.1931202,16.725779,8.073048
1252,185.28291,74.39975,1.6804043,1.2006812,16.5822,7.9857364
1253,185.44356,75.49352,1.6746083,1.199575,16.33874,7.8276906
1254,186.29283,76.306,1.6716818,1.1985378,16.17579,7.7344484
1255,186.61925,76.99549,1.6680865,1.1997434,16.047918,7.6583543
1256,186.9406,77.9692,1.6616524,1.20677,15.901414,7.5737443
1257,187.1743,78.98932,1.6557316,1.2061757,15.67729,7.4414196
1258,188.04936,79.74287,1.6527853,1.2055824,15.52577,7.35954
1259,188.41472,80.38627,1.6491872,1.2071136,15.408394,7.295251
1260,188.81087,81.29312,1.6398243,1.2224343,15.211905,7.2013307
1261,189.12292,82.19364,1.632823,1.2260184,14.990776,7.0875597
1262,190.0277,82.906525,1.6276728,1.2309471,14.811959,6.999102
1263,190.44257,83.48615,1.6225853,1.2371321,14.68227,6.9358344
1264,190.89885,84.26882,1.6138302,1.253679,14.536297,6.8670926
1265,191.27893,85.10719,1.6059357,1.2598684,14.330784,6.76927
1266,192.21721,85.716705,1.6015309,1.2647761,14.18709,6.699533
1267,192.71721,86.26647,1.590644,1.2880534,14.095686,6.6602106
1268,193.27296,86.964485,1.5775743,1.3187721,14.012529,6.626194
1269,193.74953,87.70468,1.572965,1.3253317,13.777281,6.532355
1270,194.8108,88.23602,1.5553383,1.3262329,13.65304,6.4900413
1271,195.36676,88.68372,1.5506067,1.3248149,13.522643,6.445528
1272,196.06567,89.294205,1.5493683,1.3272315,13.304912,6.3754334
1273,196.63985,89.90322,1.5479326,1.3200625,13.13611,6.326346
1274,197.82268,90.37144,1.5342926,1.3232536,13.04312,6.318936
1275,198.45502,90.74385,1.53135,1.3239753,12.947998,6.303281
1276,199.22292,91.23529,1.5431715,1.3160446,12.965645,6.3214846
1277,199.92857,91.767235,1.5548973,1.2936451,12.918587,6.327128
1278,201.17027,92.15131,1.5641991,1.280557,12.891718,6.319682
1279,201.90169,92.492226,1.5777494,1.2700857,12.830982,6.285909
1280,202.73254,92.90811,1.5979171,1.2586869,12.80386,6.2662883
1281,203.45422,93.35089,1.6120454,1.2429463,12.720101,6.233937
1282,204.7422,93.70214,1.6250798,1.2339531,12.638688,6.1820965
1283,205.45174,93.97767,1.6360222,1.2257434,12.598654,6.1614075
1284,206.37268,94.34849,1.6519681,1.210617,12.582887,6.151793
1285,207.1314,94.721985,1.6602268,1.190668,12.519916,6.1312895
1286,208.41975,95.02492,1.666893,1.1765803,12.453372,6.0914483
1287,209.14851,95.25863,1.6722918,1.1639305,12.424803,6.0790954
1288,210.07812,95.56312,1.6800245,1.144019,12.430704,6.085339
1289,210.90422,95.88383,1.6881667,1.1258876,12.377749,6.0713444
1290,212.14397,96.13191,1.6937877,1.1154658,12.326176,6.04332
1291,212.93633,96.34078,1.699441,1.1032727,12.304094,6.0375996
1292,213.893,96.59211,1.7062205,1.0870537,12.316372,6.0522847
1293,214.73174,96.85832,1.7139133,1.0708382,12.285574,6.051685
1294,215.99669,97.07305,1.7192736,1.0625662,12.239124,6.030447
1295,216.7572,97.237915,1.7238803,1.0536139,12.2267,6.0318
1296,217.79852,97.45637,1.7306114,1.0389278,12.244893,6.055979
1297,218.64534,97.66733,1.7371424,1.0267186,12.222519,6.0597177
1298,219.92305,97.85726,1.7426699,1.0193262,12.185663,6.0500216
1299,220.68878,98.00348,1.7390498,1.0272679,12.161329,6.0565557
1300,221.6888,98.21834,1.72925,1.054498,12.035814,5.9856725
1301,222.52039,98.494316,1.7140108,1.0921417,11.928503,5.9399414
1302,223.69069,98.72668,1.7074217,1.1149168,11.830122,5.884444
1303,224.38159,98.929924,1.6999289,1.1367359,11.766816,5.8471036
1304,225.31047,99.23614,1.6893042,1.1685745,11.673752,5.7858124
1305,225.98695,99.58472,1.6757768,1.2057554,11.628366,5.752231
1306,227.07707,99.883415,1.6684108,1.2327788,11.557414,5.70216
1307,227.69434,100.14131,1.6611954,1.2557193,11.521812,5.6717625
1308,228.50023,100.51456,1.6516527,1.2862619,11.465291,5.624481
1309,229.09514,100.96195,1.6383721,1.326123,11.464737,5.5995684
1310,230.0572,101.294785,1.6326607,1.3500282,11.425301,5.56363
1311,230.63664,101.62446,1.6252834,1.3753881,11.4121,5.5395327
1312,231.33946,102.062546,1.6151203,1.4022176,11.386354,5.5077624
1313,231.81413,102.60212,1.5983273,1.4356896,11.426081,5.498971
1314,232.71246,102.98569,1.5896679,1.4541805,11.405929,5.4746747
1315,233.18971,103.34497,1.5860325,1.4644586,11.413442,5.464917
1316,233.83336,103.87349,1.5805525,1.4735248,11.411093,5.447354
1317,234.20042,104.47516,1.5733694,1.4962262,11.476439,5.459391
1318,235.01672,104.92836,1.5725136,1.5039842,11.478832,5.4516807
1319,235.42664,105.33577,1.5780907,1.5000356,11.501084,5.455431
1320,235.96736,105.91267,1.5872422,1.4884202,11.51211,5.453675
1321,236.25188,106.61179,1.5985017,1.4871475,11.602912,5.491093
1322,236.96161,107.083786,1.6002568,1.4713069,11.615841,5.499021
1323,237.32854,107.5655,1.5998985,1.4573147,11.652813,5.5187526
1324,237.78139,108.191635,1.6013451,1.440467,11.676962,5.5333157
1325,237.9558,108.97892,1.6079602,1.4138427,11.783251,5.595715
1326,238.60779,109.495346,1.6094136,1.3973484,11.804011,5.618078
1327,238.89302,109.99148,1.6123873,1.3826644,11.843827,5.6482496
1328,239.27887,110.68212,1.6168913,1.363666,11.873976,5.675455
1329,239.37575,111.53639,1.6223788,1.3403617,11.988445,5.7601137
1330,239.94672,112.12496,1.6234466,1.3241172,12.024143,5.8010416
1331,240.1734,112.66249,1.6256853,1.3112483,12.068503,5.84216
1332,240.48822,113.40353,1.6292491,1.2947001,12.102589,5.880508
1333,240.49706,114.331955,1.6336279,1.2743131,12.222032,5.9840975
1334,240.98242,114.92494,1.6335787,1.2613659,12.257309,6.030187
1335,241.1552,115.50039,1.6351776,1.2500343,12.303991,6.0796394
1336,241.40584,116.28548,1.6378871,1.2356744,12.338923,6.1261635
1337,241.32387,117.31953,1.6417505,1.2164552,12.467168,6.250931
1338,241.75812,117.94997,1.640704,1.2048205,12.505191,6.3044605
1339,241.87903,118.56119,1.6417137,1.1948892,12.552627,6.360081
1340,242.07019,119.41289,1.6435953,1.1816875,12.593781,6.420447
1341,241.91924,120.44982,1.6462622,1.1665751,12.706081,6.540111
1342,242.31372,121.14619,1.6603845,1.1651661,12.788439,6.608561
1343,242.4258,121.771385,1.6639656,1.1724122,12.689288,6.634478
1344,242.65294,122.541306,1.6551418,1.2147405,12.381656,6.47096
1345,242.58513,123.530266,1.6532978,1.2403951,12.045255,6.187205
1346,243.11058,124.07946,1.6550716,1.2709401,11.893563,6.0638947
1347,243.3492,124.62177,1.6515903,1.3012643,11.707149,5.9275293
1348,243.71492,125.21002,1.6407871,1.3521004,11.50263,5.808573
1349,243.77824,126.043785,1.6334709,1.3749255,11.221539,5.5826645
1350,244.4701,126.47685,1.6357833,1.3436432,11.136939,5.5067244
1351,244.79524,126.88133,1.6314062,1.3242934,11.024181,5.424003
1352,245.31548,127.33125,1.618711,1.2964021,10.8944,5.3383217
1353,245.51213,127.99001,1.6140074,1.2811952,10.692385,5.194384
1354,246.3369,128.33504,1.6117239,1.2568651,10.645048,5.160838
1355,246.74733,128.64478,1.6056896,1.2607701,10.58371,5.090919
1356,247.36523,128.9516,1.5960469,1.2627267,10.61477,5.0553794
1357,247.66882,129.51106,1.5902182,1.2685742,10.43394,4.9553747
1358,248.49579,129.77815,1.5826112,1.2801936,10.355503,4.9115186
1359,248.97343,130.0417,1.5830373,1.2784278,10.299679,4.892995
1360,249.65385,130.26395,1.5857886,1.2699047,10.331246,4.929489
1361,250.00966,130.71852,1.5856365,1.2689457,10.185235,4.9221563
1362,250.86699,130.9329,1.5793133,1.2750984,10.118266,4.929987
1363,251.3484,131.12459,1.5730578,1.2698929,10.079582,4.961745
1364,252.1272,131.27834,1.5676085,1.2584274,10.114891,5.066061
1365,252.52533,131.62729,1.5597359,1.2534696,9.990718,5.120703
1366,253.39247,131.80147,1.5421333,1.2504401,9.937675,5.1805434
1367,253.90068,131.93954,1.5338316,1.2463299,9.909806,5.2487264
1368,254.72829,132.00513,1.5270687,1.2367934,9.967439,5.4001946
1369,255.18188,132.27788,1.51481,1.2318344,9.850412,5.500928
1370,256.00974,132.40038,1.4949738,1.2301244,9.81776,5.581495
1371,256.57214,132.49487,1.4829621,1.2256976,9.799381,5.683978
1372,257.4357,132.49547,1.4732958,1.217423,9.85635,5.8516874
1373,257.91592,132.69334,1.4527615,1.205807,9.960155,5.9198413
1374,258.7278,132.8029,1.4239063,1.2014723,10.11182,5.9558053
1375,259.23843,132.88693,1.4065574,1.1986021,10.174805,5.889572
1376,260.1027,132.9,1.4009424,1.1821921,10.18765,5.753856
1377,260.4563,133.15387,1.4001206,1.157338,10.3299265,5.65649
1378,261.15405,133.3183,1.3829852,1.1494979,10.382413,5.57014
1379,261.5825,133.4489,1.376433,1.1418695,10.432937,5.501637
1380,262.33047,133.51648,1.3705612,1.1365463,10.418654,5.377364
1381,262.5861,133.86194,1.3654485,1.1217309,10.602801,5.335104
1382,263.1692,134.08821,1.3448381,1.1212381,10.681097,5.2985406
1383,263.51093,134.2665,1.3367697,1.1185613,10.746291,5.272776
1384,264.1492,134.39536,1.3294388,1.1178042,10.748723,5.2057166
1385,264.28726,134.81163,1.3323143,1.0978687,10.948956,5.241886
1386,264.72778,135.07935,1.3290383,1.0810584,11.039552,5.257203
1387,265.0002,135.31488,1.3295368,1.0685701,11.125902,5.2780976
1388,265.5309,135.49774,1.3319727,1.0574129,11.141066,5.270049
1389,265.55576,135.978,1.3335867,1.0411748,11.352425,5.380997
1390,265.87424,136.29498,1.329523,1.0277824,11.460843,5.4409394
1391,266.05807,136.57169,1.3290542,1.0178715,11.557221,5.5075865
1392,266.46872,136.80292,1.3297338,1.0092392,11.58889,5.555212
1393,266.39575,137.31882,1.3304824,0.9969254,11.788986,5.714461
1394,266.59592,137.67975,1.3257922,0.9865534,11.912123,5.810517
1395,266.69608,137.99144,1.3244296,0.978708,12.015782,5.913063
1396,267.02298,138.258,1.3235269,0.9720183,12.046588,6.0009985
1397,266.84454,138.78102,1.3222194,0.9627493,12.244417,6.1740174
1398,266.90952,139.3387,1.3158867,0.9481782,12.497219,6.4500794
1399,266.9113,139.6851,1.3133268,0.9422725,12.606966,6.5841436
1400,267.10898,139.98788,1.3099583,0.9373349,12.649356,6.710531
1401,266.83508,140.59108,1.308371,0.92874724,12.853821,6.9437623
1402,266.77182,141.05392,1.3016423,0.9228429,13.013264,7.109231
1403,266.702,141.40053,1.2982031,0.91856617,13.112525,7.2434306
1404,266.85257,141.7107,1.2821388,0.9148172,13.4127865,7.343692
1405,266.5427,142.30676,1.27974,0.8945182,13.332663,7.1514606
1406,266.4326,142.73984,1.2709595,0.8827258,13.419888,7.093265
1407,266.3797,143.02997,1.2662349,0.87233305,13.454554,7.0332456
1408,266.58542,143.25424,1.2562114,0.86165315,13.563187,6.9787374
1409,266.3381,143.70543,1.2416371,0.8382384,13.494158,6.8774076
1410,266.2474,144.04321,1.2291622,0.8281058,13.269691,6.733013
1411,266.25436,144.23798,1.215822,0.8182804,13.149939,6.6421056
1412,266.5375,144.32646,1.1835637,0.80949223,13.064768,6.5507164
1413,266.4395,144.57677,1.1749288,0.7889045,12.929161,6.4382653
1414,266.4565,144.79773,1.1656582,0.7828439,12.758942,6.3446884
1415,266.5439,144.87776,1.155429,0.77609706,12.693541,6.2973113
1416,266.93347,144.79718,1.1287789,0.7734173,12.695612,6.270285
1417,266.93088,144.88385,1.1256957,0.75714344,12.624707,6.226622
1418,267.04202,144.98312,1.1188205,0.7547711,12.518988,6.1963477
1419,267.20834,144.95293,1.1102135,0.7507551,12.495865,6.1953535
1420,267.6597,144.73825,1.0905687,0.7515348,12.543085,6.2241683
1421,267.77954,144.63824,1.0946343,0.7311482,12.561969,6.2590446
1422,267.96533,144.6333,1.1013503,0.7145591,12.489853,6.286058
1423,268.19385,144.49557,1.1050614,0.69787616,12.507199,6.335362
1424,268.72964,144.13496,1.6943069,0.7778968,9.5821705,6.416487
1425,268.70078,144.12163,1.704094,0.77481866,9.516487,6.5091004
1426,268.7248,144.23912,1.7096618,0.7740385,9.362949,6.5569057
1427,268.7656,144.24982,1.7148288,0.7736546,9.2705,6.6415505
1428,268.8663,144.26266,1.7192198,0.77370816,9.127047,6.761043
1429,268.91733,144.1042,1.7276082,0.77483994,9.113581,6.950375
1430,268.9761,144.14163,1.7316412,0.7758743,8.972705,7.0540404
1431,269.04025,144.07816,1.7351476,0.7770788,8.908166,7.177694
1432,269.1219,144.00757,1.7339686,0.77666503,8.56315,7.581648
1433,269.1871,143.75797,1.7317566,0.7759651,8.570589,8.056682
1434,269.23843,143.73091,1.215881,0.7125093,8.550293,8.265721
1435,269.28384,143.62047,1.2261459,0.7197007,8.829388,8.313205
1436,269.30298,143.46545,1.2363044,0.72689563,9.333387,8.272527
1437,269.38885,143.13278,1.2441216,0.73240346,9.776598,8.528355
1438,269.45425,143.04782,1.2551134,0.74034995,10.000876,8.619294
1439,269.48813,142.8824,1.2575811,0.7420801,10.265213,8.714187
1440,269.43802,142.64369,1.2580106,0.7422892,10.741569,8.769199
1441,269.537,142.24919,1.2567718,0.7410465,11.105354,9.050212
1442,269.58017,142.07263,1.2444911,0.7356394,11.238061,9.142319
1443,269.59476,141.83505,1.2354474,0.73198706,11.406176,9.218285
1444,269.47437,141.50787,1.2250601,0.7276506,11.703233,9.21408
1445,269.60675,140.96284,1.2111577,0.7237504,11.729774,9.117437
1446,269.61868,140.71472,1.186505,0.7087765,11.467567,9.081064
1447,269.62372,140.41098,1.170678,0.7011954,11.310121,8.991389
1448,269.47867,139.99362,1.1501817,0.6911729,11.186042,8.902335
1449,269.65796,139.36665,1.1242962,0.6837986,10.941612,8.702609
1450,269.6486,139.04695,1.0712445,0.64811754,10.841422,8.748501
1451,269.64224,138.68668,1.0340704,0.62532675,10.863143,8.755369
1452,269.42923,138.18819,0.9785499,0.5890796,11.096157,8.853789
1453,269.5996,137.49457,0.9049992,0.54474366,11.084627,8.854586
1454,269.54172,137.09248,0.6623241,0.38292038,11.087359,8.98882
1455,269.49548,136.64305,0.43389568,0.30301505,11.228229,9.067191
1456,269.18143,136.0829,0.3494674,0.22598831,11.619469,9.240557
1457,269.327,135.30083,0.31318077,0.20489296,11.891499,9.124265
1458,269.13538,134.83958,0.2960339,0.19559339,12.343624,8.952442
1459,268.99048,134.37936,0.28111222,0.18344754,12.631893,8.915544
1460,268.52875,133.75745,0.26469445,0.16975099,13.092099,8.977025
1461,268.56638,132.92062,0.23500569,0.14482282,13.412861,8.987332
1462,268.15677,132.40805,0.22133029,0.13407387,13.898594,8.89027
1463,267.88034,131.8825,0.20640181,0.1225651,14.243002,8.914968
1464,267.2878,131.25023,0.19352858,0.11321873,14.6769085,9.04206
1465,267.2222,130.37747,0.16716522,0.09656579,15.032872,9.120076
1466,266.6118,129.8195,0.15531811,0.09060125,15.299783,8.925604
1467,266.26416,129.30623,0.14382173,0.086017005,15.393094,8.823925
1468,265.58667,128.64047,0.13124095,0.08261237,15.410844,8.661912
1469,265.4645,127.79074,0.113022394,0.07683171,15.770388,8.766156
1470,264.70383,127.202095,0.109881826,0.06875644,16.241505,8.803895
1471,264.2681,126.67334,0.10671377,0.062965885,16.560942,8.889246
1472,263.45605,125.98026,0.10324574,0.059635766,17.046015,9.077753
1473,263.2289,125.1146,0.0973028,0.062150966,17.410286,9.2062025
1474,262.23648,124.44278,0.094261914,0.06756334,17.913424,9.295126
1475,261.6895,123.891,0.09157338,0.073781334,18.22821,9.398419
1476,260.74954,123.19849,0.08896797,0.080914155,18.677803,9.60263
1477,260.3951,122.26804,0.0981073,0.08394032,19.085346,9.760916
1478,259.20926,121.572975,0.10552203,0.08284532,19.486542,9.81494
1479,258.52054,120.96837,0.113532625,0.082275085,19.699791,9.848875
1480,257.50287,120.27507,0.12038217,0.08239098,19.887457,9.8824005
1481,257.08817,119.37855,0.13418642,0.084241174,20.129906,9.954609
1482,255.73701,118.63975,0.1404568,0.08585255,20.46745,10.007027
1483,255.01544,118.06237,0.14645936,0.08773355,20.650187,10.052607
1484,253.92754,117.36891,0.15232596,0.08991092,20.825577,10.097
1485,253.44536,116.512184,0.16407806,0.09517573,20.982964,10.133591
1486,251.92952,115.70837,0.17057014,0.09856313,21.27708,10.197932
1487,251.13135,115.12713,0.17612715,0.101687774,21.42099,10.236948
1488,249.94725,114.4302,0.1815549,0.104927585,21.56464,10.2789955
1489,249.35567,113.56413,0.19265984,0.11207535,21.74279,10.339307
1490,247.67987,112.71739,0.19838965,0.115987435,22.030483,10.435441
1491,246.80621,112.12947,0.20329602,0.11945664,22.172564,10.488913
1492,245.57198,111.4355,0.2080844,0.12293407,22.31417,10.544735
1493,244.9344,110.59581,0.21787558,0.13030967,22.475906,10.6138525
1494,243.11394,109.722824,0.22233927,0.13375627,22.753956,10.733355
1495,242.17113,109.12529,0.22666639,0.13716373,22.8933,10.797687
1496,240.8218,108.38979,0.23271237,0.14134711,22.940357,10.820561
1497,240.14832,107.591934,0.24215953,0.14827898,22.982597,10.8421755
1498,238.27132,106.68219,0.24942333,0.15265073,23.012707,10.857376
1499,237.3267,106.09568,0.25454444,0.15610927,23.03609,10.869377
1500,236.01881,105.40401,0.2595623,0.15949397,23.059559,10.881472
1501,235.3152,104.612114,0.26862186,0.16614039,23.105782,10.905684
1502,233.4358,103.700714,0.2752347,0.17003243,23.13641,10.921416
1503,232.49495,103.12572,0.27983832,0.17311506,23.160002,10.933784
1504,231.19452,102.44585,0.28434867,0.17612892,23.183567,10.946182
1505,230.5044,101.69147,0.29242006,0.1820401,23.229572,10.970844
1506,228.68542,100.812706,0.29788977,0.18513727,23.257011,10.9851265
1507,227.75166,100.248856,0.30203715,0.18788281,23.280312,10.997577
1508,226.42525,99.55081,0.30662468,0.19091319,23.306538,11.011641
1509,225.78569,98.86496,0.31641802,0.19845566,23.25386,10.9821825
1510,223.90709,97.94983,0.32367685,0.20304604,23.231054,10.969016
